batch_id,batch_size,Timestamp,model,task,conditions,wall_time_batch,gpu,wall_time_task,entity_id,output_file_name
80955e9c-eab4-4911-9b0d-f83a026c0e62,10,2024-06-18 00:25:19.703214,RFdiffusion_150it,backbone_pdb_generation,"tev (monomer) scaffolding [contigs = ""27/A28-33/13/A47-51/88/A140-152/15/A168-179/32/A212-221/16""]",4326.550877094269 Seconds,T4 GPU,432.6550877094269 Seconds (inferred),8d72f918-8456-442f-80c4-d4bb75e2f83d,rfdiffusion_tev_mono_8d72f918-8456-442f-80c4-d4bb75e2f83d.pdb
80955e9c-eab4-4911-9b0d-f83a026c0e62,10,2024-06-18 00:25:19.703214,RFdiffusion_150it,backbone_pdb_generation,"tev (monomer) scaffolding [contigs = ""27/A28-33/13/A47-51/88/A140-152/15/A168-179/32/A212-221/16""]",4326.550877094269 Seconds,T4 GPU,432.6550877094269 Seconds (inferred),b21d2247-fa03-4f61-9a9d-e60de42058e8,rfdiffusion_tev_mono_b21d2247-fa03-4f61-9a9d-e60de42058e8.pdb
80955e9c-eab4-4911-9b0d-f83a026c0e62,10,2024-06-18 00:25:19.703214,RFdiffusion_150it,backbone_pdb_generation,"tev (monomer) scaffolding [contigs = ""27/A28-33/13/A47-51/88/A140-152/15/A168-179/32/A212-221/16""]",4326.550877094269 Seconds,T4 GPU,432.6550877094269 Seconds (inferred),8d69b48f-4c4a-40c7-9f77-a2292ed117c1,rfdiffusion_tev_mono_8d69b48f-4c4a-40c7-9f77-a2292ed117c1.pdb
80955e9c-eab4-4911-9b0d-f83a026c0e62,10,2024-06-18 00:25:19.703214,RFdiffusion_150it,backbone_pdb_generation,"tev (monomer) scaffolding [contigs = ""27/A28-33/13/A47-51/88/A140-152/15/A168-179/32/A212-221/16""]",4326.550877094269 Seconds,T4 GPU,432.6550877094269 Seconds (inferred),da316ead-f92c-436d-ba1e-3c8df4dc194b,rfdiffusion_tev_mono_da316ead-f92c-436d-ba1e-3c8df4dc194b.pdb
80955e9c-eab4-4911-9b0d-f83a026c0e62,10,2024-06-18 00:25:19.703214,RFdiffusion_150it,backbone_pdb_generation,"tev (monomer) scaffolding [contigs = ""27/A28-33/13/A47-51/88/A140-152/15/A168-179/32/A212-221/16""]",4326.550877094269 Seconds,T4 GPU,432.6550877094269 Seconds (inferred),7fe54120-6687-4dc8-9d09-132f94e32207,rfdiffusion_tev_mono_7fe54120-6687-4dc8-9d09-132f94e32207.pdb
80955e9c-eab4-4911-9b0d-f83a026c0e62,10,2024-06-18 00:25:19.703214,RFdiffusion_150it,backbone_pdb_generation,"tev (monomer) scaffolding [contigs = ""27/A28-33/13/A47-51/88/A140-152/15/A168-179/32/A212-221/16""]",4326.550877094269 Seconds,T4 GPU,432.6550877094269 Seconds (inferred),82025020-563a-4432-bbf0-56a529cac36f,rfdiffusion_tev_mono_82025020-563a-4432-bbf0-56a529cac36f.pdb
80955e9c-eab4-4911-9b0d-f83a026c0e62,10,2024-06-18 00:25:19.703214,RFdiffusion_150it,backbone_pdb_generation,"tev (monomer) scaffolding [contigs = ""27/A28-33/13/A47-51/88/A140-152/15/A168-179/32/A212-221/16""]",4326.550877094269 Seconds,T4 GPU,432.6550877094269 Seconds (inferred),bc055d56-016d-45b5-9169-6ef83d2f1545,rfdiffusion_tev_mono_bc055d56-016d-45b5-9169-6ef83d2f1545.pdb
80955e9c-eab4-4911-9b0d-f83a026c0e62,10,2024-06-18 00:25:19.703214,RFdiffusion_150it,backbone_pdb_generation,"tev (monomer) scaffolding [contigs = ""27/A28-33/13/A47-51/88/A140-152/15/A168-179/32/A212-221/16""]",4326.550877094269 Seconds,T4 GPU,432.6550877094269 Seconds (inferred),8984e14a-be34-418d-a843-d26b034821d1,rfdiffusion_tev_mono_8984e14a-be34-418d-a843-d26b034821d1.pdb
80955e9c-eab4-4911-9b0d-f83a026c0e62,10,2024-06-18 00:25:19.703214,RFdiffusion_150it,backbone_pdb_generation,"tev (monomer) scaffolding [contigs = ""27/A28-33/13/A47-51/88/A140-152/15/A168-179/32/A212-221/16""]",4326.550877094269 Seconds,T4 GPU,432.6550877094269 Seconds (inferred),5e2aab60-77a2-4626-8a51-5c2b2f5f8320,rfdiffusion_tev_mono_5e2aab60-77a2-4626-8a51-5c2b2f5f8320.pdb
80955e9c-eab4-4911-9b0d-f83a026c0e62,10,2024-06-18 00:25:19.703214,RFdiffusion_150it,backbone_pdb_generation,"tev (monomer) scaffolding [contigs = ""27/A28-33/13/A47-51/88/A140-152/15/A168-179/32/A212-221/16""]",4326.550877094269 Seconds,T4 GPU,432.6550877094269 Seconds (inferred),e0639e6e-50fc-472c-91c0-929128032e5d,rfdiffusion_tev_mono_e0639e6e-50fc-472c-91c0-929128032e5d.pdb
671c9cbd-d1e0-4448-a7d4-0b78c57a9879,10,2024-06-18 02:10:29.201332,RFdiffusion_150it,backbone_pdb_generation,"tev (monomer) scaffolding [contigs = ""27/A28-33/13/A47-51/88/A140-152/15/A168-179/32/A212-221/16""]",4277.907291650772 Seconds,T4 GPU,427.7907291650772 Seconds (inferred),307e718b-cf50-4279-acb9-c0d522e5dc51,rfdiffusion_tev_mono_307e718b-cf50-4279-acb9-c0d522e5dc51.pdb
671c9cbd-d1e0-4448-a7d4-0b78c57a9879,10,2024-06-18 02:10:29.201332,RFdiffusion_150it,backbone_pdb_generation,"tev (monomer) scaffolding [contigs = ""27/A28-33/13/A47-51/88/A140-152/15/A168-179/32/A212-221/16""]",4277.907291650772 Seconds,T4 GPU,427.7907291650772 Seconds (inferred),8b982646-8d0b-4e04-b2c0-81f0997586e7,rfdiffusion_tev_mono_8b982646-8d0b-4e04-b2c0-81f0997586e7.pdb
671c9cbd-d1e0-4448-a7d4-0b78c57a9879,10,2024-06-18 02:10:29.201332,RFdiffusion_150it,backbone_pdb_generation,"tev (monomer) scaffolding [contigs = ""27/A28-33/13/A47-51/88/A140-152/15/A168-179/32/A212-221/16""]",4277.907291650772 Seconds,T4 GPU,427.7907291650772 Seconds (inferred),22b2898c-5633-4a82-bd32-595147055472,rfdiffusion_tev_mono_22b2898c-5633-4a82-bd32-595147055472.pdb
671c9cbd-d1e0-4448-a7d4-0b78c57a9879,10,2024-06-18 02:10:29.201332,RFdiffusion_150it,backbone_pdb_generation,"tev (monomer) scaffolding [contigs = ""27/A28-33/13/A47-51/88/A140-152/15/A168-179/32/A212-221/16""]",4277.907291650772 Seconds,T4 GPU,427.7907291650772 Seconds (inferred),f1086e2d-bb67-45d0-ac73-eeb9bc962bfd,rfdiffusion_tev_mono_f1086e2d-bb67-45d0-ac73-eeb9bc962bfd.pdb
671c9cbd-d1e0-4448-a7d4-0b78c57a9879,10,2024-06-18 02:10:29.201332,RFdiffusion_150it,backbone_pdb_generation,"tev (monomer) scaffolding [contigs = ""27/A28-33/13/A47-51/88/A140-152/15/A168-179/32/A212-221/16""]",4277.907291650772 Seconds,T4 GPU,427.7907291650772 Seconds (inferred),7f56fe1b-ee5b-4d4d-9bf8-21a91042a21c,rfdiffusion_tev_mono_7f56fe1b-ee5b-4d4d-9bf8-21a91042a21c.pdb
671c9cbd-d1e0-4448-a7d4-0b78c57a9879,10,2024-06-18 02:10:29.201332,RFdiffusion_150it,backbone_pdb_generation,"tev (monomer) scaffolding [contigs = ""27/A28-33/13/A47-51/88/A140-152/15/A168-179/32/A212-221/16""]",4277.907291650772 Seconds,T4 GPU,427.7907291650772 Seconds (inferred),1d548615-1bbe-4da2-89df-23f12adcaa2d,rfdiffusion_tev_mono_1d548615-1bbe-4da2-89df-23f12adcaa2d.pdb
671c9cbd-d1e0-4448-a7d4-0b78c57a9879,10,2024-06-18 02:10:29.201332,RFdiffusion_150it,backbone_pdb_generation,"tev (monomer) scaffolding [contigs = ""27/A28-33/13/A47-51/88/A140-152/15/A168-179/32/A212-221/16""]",4277.907291650772 Seconds,T4 GPU,427.7907291650772 Seconds (inferred),29d39bd2-8aed-4d7b-839f-9a9820a3ff5b,rfdiffusion_tev_mono_29d39bd2-8aed-4d7b-839f-9a9820a3ff5b.pdb
671c9cbd-d1e0-4448-a7d4-0b78c57a9879,10,2024-06-18 02:10:29.201332,RFdiffusion_150it,backbone_pdb_generation,"tev (monomer) scaffolding [contigs = ""27/A28-33/13/A47-51/88/A140-152/15/A168-179/32/A212-221/16""]",4277.907291650772 Seconds,T4 GPU,427.7907291650772 Seconds (inferred),09711a3d-6e73-4630-a0d0-e1d64207c1bc,rfdiffusion_tev_mono_09711a3d-6e73-4630-a0d0-e1d64207c1bc.pdb
671c9cbd-d1e0-4448-a7d4-0b78c57a9879,10,2024-06-18 02:10:29.201332,RFdiffusion_150it,backbone_pdb_generation,"tev (monomer) scaffolding [contigs = ""27/A28-33/13/A47-51/88/A140-152/15/A168-179/32/A212-221/16""]",4277.907291650772 Seconds,T4 GPU,427.7907291650772 Seconds (inferred),c7e48423-f9a0-4c3c-b216-916ebad05550,rfdiffusion_tev_mono_c7e48423-f9a0-4c3c-b216-916ebad05550.pdb
671c9cbd-d1e0-4448-a7d4-0b78c57a9879,10,2024-06-18 02:10:29.201332,RFdiffusion_150it,backbone_pdb_generation,"tev (monomer) scaffolding [contigs = ""27/A28-33/13/A47-51/88/A140-152/15/A168-179/32/A212-221/16""]",4277.907291650772 Seconds,T4 GPU,427.7907291650772 Seconds (inferred),b99a8e9e-6491-4c28-96f9-1a428146b9eb,rfdiffusion_tev_mono_b99a8e9e-6491-4c28-96f9-1a428146b9eb.pdb
e703ab60-8d19-4d4e-ab0f-6c887cdbbb80,10,2024-06-18 03:42:01.044172,RFdiffusion_150it,backbone_pdb_generation,"tev (monomer) scaffolding [contigs = ""27/A28-33/13/A47-51/88/A140-152/15/A168-179/32/A212-221/16""]",4297.805051803589 Seconds,T4 GPU,429.7805051803589 Seconds (inferred),4d40427d-cca3-48cd-bbb0-5ac45a1e7d8b,rfdiffusion_tev_mono_4d40427d-cca3-48cd-bbb0-5ac45a1e7d8b.pdb
e703ab60-8d19-4d4e-ab0f-6c887cdbbb80,10,2024-06-18 03:42:01.044172,RFdiffusion_150it,backbone_pdb_generation,"tev (monomer) scaffolding [contigs = ""27/A28-33/13/A47-51/88/A140-152/15/A168-179/32/A212-221/16""]",4297.805051803589 Seconds,T4 GPU,429.7805051803589 Seconds (inferred),06cf0746-2554-44be-889c-9544f76be11d,rfdiffusion_tev_mono_06cf0746-2554-44be-889c-9544f76be11d.pdb
e703ab60-8d19-4d4e-ab0f-6c887cdbbb80,10,2024-06-18 03:42:01.044172,RFdiffusion_150it,backbone_pdb_generation,"tev (monomer) scaffolding [contigs = ""27/A28-33/13/A47-51/88/A140-152/15/A168-179/32/A212-221/16""]",4297.805051803589 Seconds,T4 GPU,429.7805051803589 Seconds (inferred),418eb891-b33a-468b-8e68-05726b74271d,rfdiffusion_tev_mono_418eb891-b33a-468b-8e68-05726b74271d.pdb
e703ab60-8d19-4d4e-ab0f-6c887cdbbb80,10,2024-06-18 03:42:01.044172,RFdiffusion_150it,backbone_pdb_generation,"tev (monomer) scaffolding [contigs = ""27/A28-33/13/A47-51/88/A140-152/15/A168-179/32/A212-221/16""]",4297.805051803589 Seconds,T4 GPU,429.7805051803589 Seconds (inferred),62a78f80-89b8-4e3d-81cc-d7b6748ffda7,rfdiffusion_tev_mono_62a78f80-89b8-4e3d-81cc-d7b6748ffda7.pdb
e703ab60-8d19-4d4e-ab0f-6c887cdbbb80,10,2024-06-18 03:42:01.044172,RFdiffusion_150it,backbone_pdb_generation,"tev (monomer) scaffolding [contigs = ""27/A28-33/13/A47-51/88/A140-152/15/A168-179/32/A212-221/16""]",4297.805051803589 Seconds,T4 GPU,429.7805051803589 Seconds (inferred),99cb7d49-32d4-4c8c-809b-73c203ea7ae7,rfdiffusion_tev_mono_99cb7d49-32d4-4c8c-809b-73c203ea7ae7.pdb
e703ab60-8d19-4d4e-ab0f-6c887cdbbb80,10,2024-06-18 03:42:01.044172,RFdiffusion_150it,backbone_pdb_generation,"tev (monomer) scaffolding [contigs = ""27/A28-33/13/A47-51/88/A140-152/15/A168-179/32/A212-221/16""]",4297.805051803589 Seconds,T4 GPU,429.7805051803589 Seconds (inferred),e1fe870f-fa65-4675-a1ad-863d95ab0ca4,rfdiffusion_tev_mono_e1fe870f-fa65-4675-a1ad-863d95ab0ca4.pdb
e703ab60-8d19-4d4e-ab0f-6c887cdbbb80,10,2024-06-18 03:42:01.044172,RFdiffusion_150it,backbone_pdb_generation,"tev (monomer) scaffolding [contigs = ""27/A28-33/13/A47-51/88/A140-152/15/A168-179/32/A212-221/16""]",4297.805051803589 Seconds,T4 GPU,429.7805051803589 Seconds (inferred),ee390362-61a9-4d2a-8fb5-8ecf3e4dd5e2,rfdiffusion_tev_mono_ee390362-61a9-4d2a-8fb5-8ecf3e4dd5e2.pdb
e703ab60-8d19-4d4e-ab0f-6c887cdbbb80,10,2024-06-18 03:42:01.044172,RFdiffusion_150it,backbone_pdb_generation,"tev (monomer) scaffolding [contigs = ""27/A28-33/13/A47-51/88/A140-152/15/A168-179/32/A212-221/16""]",4297.805051803589 Seconds,T4 GPU,429.7805051803589 Seconds (inferred),ee374e73-08cb-464f-b5f7-0df93727a650,rfdiffusion_tev_mono_ee374e73-08cb-464f-b5f7-0df93727a650.pdb
e703ab60-8d19-4d4e-ab0f-6c887cdbbb80,10,2024-06-18 03:42:01.044172,RFdiffusion_150it,backbone_pdb_generation,"tev (monomer) scaffolding [contigs = ""27/A28-33/13/A47-51/88/A140-152/15/A168-179/32/A212-221/16""]",4297.805051803589 Seconds,T4 GPU,429.7805051803589 Seconds (inferred),63be6124-f67d-46a2-a83f-e9b7f38049cb,rfdiffusion_tev_mono_63be6124-f67d-46a2-a83f-e9b7f38049cb.pdb
e703ab60-8d19-4d4e-ab0f-6c887cdbbb80,10,2024-06-18 03:42:01.044172,RFdiffusion_150it,backbone_pdb_generation,"tev (monomer) scaffolding [contigs = ""27/A28-33/13/A47-51/88/A140-152/15/A168-179/32/A212-221/16""]",4297.805051803589 Seconds,T4 GPU,429.7805051803589 Seconds (inferred),8e5dc2d9-929d-41bf-af7c-ab6653abc049,rfdiffusion_tev_mono_8e5dc2d9-929d-41bf-af7c-ab6653abc049.pdb
fe802092-647c-4089-97e9-e834670f6dc9,10,2024-06-18 05:29:54.931519,RFdiffusion_150it,backbone_pdb_generation,"tev (monomer) scaffolding [contigs = ""27/A28-33/13/A47-51/88/A140-152/15/A168-179/32/A212-221/16""]",4314.428275823593 Seconds,T4 GPU,431.4428275823593 Seconds (inferred),3d712958-6f3c-410b-8ef6-57287f033282,rfdiffusion_tev_mono_3d712958-6f3c-410b-8ef6-57287f033282.pdb
fe802092-647c-4089-97e9-e834670f6dc9,10,2024-06-18 05:29:54.931519,RFdiffusion_150it,backbone_pdb_generation,"tev (monomer) scaffolding [contigs = ""27/A28-33/13/A47-51/88/A140-152/15/A168-179/32/A212-221/16""]",4314.428275823593 Seconds,T4 GPU,431.4428275823593 Seconds (inferred),a9424446-677f-4430-8b90-8efa1cb0ab16,rfdiffusion_tev_mono_a9424446-677f-4430-8b90-8efa1cb0ab16.pdb
fe802092-647c-4089-97e9-e834670f6dc9,10,2024-06-18 05:29:54.931519,RFdiffusion_150it,backbone_pdb_generation,"tev (monomer) scaffolding [contigs = ""27/A28-33/13/A47-51/88/A140-152/15/A168-179/32/A212-221/16""]",4314.428275823593 Seconds,T4 GPU,431.4428275823593 Seconds (inferred),ffe02399-311d-4bbe-aeb7-e50c0a6ab004,rfdiffusion_tev_mono_ffe02399-311d-4bbe-aeb7-e50c0a6ab004.pdb
fe802092-647c-4089-97e9-e834670f6dc9,10,2024-06-18 05:29:54.931519,RFdiffusion_150it,backbone_pdb_generation,"tev (monomer) scaffolding [contigs = ""27/A28-33/13/A47-51/88/A140-152/15/A168-179/32/A212-221/16""]",4314.428275823593 Seconds,T4 GPU,431.4428275823593 Seconds (inferred),86ebc4dc-ac92-4876-8310-f93f7f275102,rfdiffusion_tev_mono_86ebc4dc-ac92-4876-8310-f93f7f275102.pdb
fe802092-647c-4089-97e9-e834670f6dc9,10,2024-06-18 05:29:54.931519,RFdiffusion_150it,backbone_pdb_generation,"tev (monomer) scaffolding [contigs = ""27/A28-33/13/A47-51/88/A140-152/15/A168-179/32/A212-221/16""]",4314.428275823593 Seconds,T4 GPU,431.4428275823593 Seconds (inferred),4c364680-c658-4672-be50-accce538611a,rfdiffusion_tev_mono_4c364680-c658-4672-be50-accce538611a.pdb
fe802092-647c-4089-97e9-e834670f6dc9,10,2024-06-18 05:29:54.931519,RFdiffusion_150it,backbone_pdb_generation,"tev (monomer) scaffolding [contigs = ""27/A28-33/13/A47-51/88/A140-152/15/A168-179/32/A212-221/16""]",4314.428275823593 Seconds,T4 GPU,431.4428275823593 Seconds (inferred),b9979dad-ca9d-48a7-8c8f-b367804d963b,rfdiffusion_tev_mono_b9979dad-ca9d-48a7-8c8f-b367804d963b.pdb
fe802092-647c-4089-97e9-e834670f6dc9,10,2024-06-18 05:29:54.931519,RFdiffusion_150it,backbone_pdb_generation,"tev (monomer) scaffolding [contigs = ""27/A28-33/13/A47-51/88/A140-152/15/A168-179/32/A212-221/16""]",4314.428275823593 Seconds,T4 GPU,431.4428275823593 Seconds (inferred),23eb50a6-116c-40a3-9b08-d2233f2e0f88,rfdiffusion_tev_mono_23eb50a6-116c-40a3-9b08-d2233f2e0f88.pdb
fe802092-647c-4089-97e9-e834670f6dc9,10,2024-06-18 05:29:54.931519,RFdiffusion_150it,backbone_pdb_generation,"tev (monomer) scaffolding [contigs = ""27/A28-33/13/A47-51/88/A140-152/15/A168-179/32/A212-221/16""]",4314.428275823593 Seconds,T4 GPU,431.4428275823593 Seconds (inferred),b56becd0-f0b9-471e-801e-5c06ecd73e1c,rfdiffusion_tev_mono_b56becd0-f0b9-471e-801e-5c06ecd73e1c.pdb
fe802092-647c-4089-97e9-e834670f6dc9,10,2024-06-18 05:29:54.931519,RFdiffusion_150it,backbone_pdb_generation,"tev (monomer) scaffolding [contigs = ""27/A28-33/13/A47-51/88/A140-152/15/A168-179/32/A212-221/16""]",4314.428275823593 Seconds,T4 GPU,431.4428275823593 Seconds (inferred),3e1db870-1bcb-4a36-b9b0-28adce92b0a6,rfdiffusion_tev_mono_3e1db870-1bcb-4a36-b9b0-28adce92b0a6.pdb
fe802092-647c-4089-97e9-e834670f6dc9,10,2024-06-18 05:29:54.931519,RFdiffusion_150it,backbone_pdb_generation,"tev (monomer) scaffolding [contigs = ""27/A28-33/13/A47-51/88/A140-152/15/A168-179/32/A212-221/16""]",4314.428275823593 Seconds,T4 GPU,431.4428275823593 Seconds (inferred),5bf2e0e6-d9f0-4580-a3eb-6ebceec793e2,rfdiffusion_tev_mono_5bf2e0e6-d9f0-4580-a3eb-6ebceec793e2.pdb
afea2810-086c-458b-bece-08dfac5a8e73,10,2024-06-18 23:17:14.265665,RFdiffusion_150it,backbone_pdb_generation,"tev (monomer) scaffolding [contigs = ""27/A28-33/13/A47-51/88/A140-152/15/A168-179/32/A212-221/16""]",4214.91904592514 Seconds,T4 GPU,421.49190459251406 Seconds (inferred),f4f1fb4b-813e-4a43-aac0-c6cc373e7d90,rfdiffusion_tev_mono_f4f1fb4b-813e-4a43-aac0-c6cc373e7d90.pdb
afea2810-086c-458b-bece-08dfac5a8e73,10,2024-06-18 23:17:14.265665,RFdiffusion_150it,backbone_pdb_generation,"tev (monomer) scaffolding [contigs = ""27/A28-33/13/A47-51/88/A140-152/15/A168-179/32/A212-221/16""]",4214.91904592514 Seconds,T4 GPU,421.49190459251406 Seconds (inferred),59ac2a8f-f150-4550-9724-fbaaecdf038f,rfdiffusion_tev_mono_59ac2a8f-f150-4550-9724-fbaaecdf038f.pdb
afea2810-086c-458b-bece-08dfac5a8e73,10,2024-06-18 23:17:14.265665,RFdiffusion_150it,backbone_pdb_generation,"tev (monomer) scaffolding [contigs = ""27/A28-33/13/A47-51/88/A140-152/15/A168-179/32/A212-221/16""]",4214.91904592514 Seconds,T4 GPU,421.49190459251406 Seconds (inferred),d8b9c3b4-f680-4c55-9ae6-53c8fb3da45d,rfdiffusion_tev_mono_d8b9c3b4-f680-4c55-9ae6-53c8fb3da45d.pdb
afea2810-086c-458b-bece-08dfac5a8e73,10,2024-06-18 23:17:14.265665,RFdiffusion_150it,backbone_pdb_generation,"tev (monomer) scaffolding [contigs = ""27/A28-33/13/A47-51/88/A140-152/15/A168-179/32/A212-221/16""]",4214.91904592514 Seconds,T4 GPU,421.49190459251406 Seconds (inferred),e789c9c0-0b6d-4107-827a-0126d3f00869,rfdiffusion_tev_mono_e789c9c0-0b6d-4107-827a-0126d3f00869.pdb
afea2810-086c-458b-bece-08dfac5a8e73,10,2024-06-18 23:17:14.265665,RFdiffusion_150it,backbone_pdb_generation,"tev (monomer) scaffolding [contigs = ""27/A28-33/13/A47-51/88/A140-152/15/A168-179/32/A212-221/16""]",4214.91904592514 Seconds,T4 GPU,421.49190459251406 Seconds (inferred),9d1a9705-4354-43f2-b041-9436945b2084,rfdiffusion_tev_mono_9d1a9705-4354-43f2-b041-9436945b2084.pdb
afea2810-086c-458b-bece-08dfac5a8e73,10,2024-06-18 23:17:14.265665,RFdiffusion_150it,backbone_pdb_generation,"tev (monomer) scaffolding [contigs = ""27/A28-33/13/A47-51/88/A140-152/15/A168-179/32/A212-221/16""]",4214.91904592514 Seconds,T4 GPU,421.49190459251406 Seconds (inferred),89456c2a-12d6-42ca-b8ec-42a15052f1f9,rfdiffusion_tev_mono_89456c2a-12d6-42ca-b8ec-42a15052f1f9.pdb
afea2810-086c-458b-bece-08dfac5a8e73,10,2024-06-18 23:17:14.265665,RFdiffusion_150it,backbone_pdb_generation,"tev (monomer) scaffolding [contigs = ""27/A28-33/13/A47-51/88/A140-152/15/A168-179/32/A212-221/16""]",4214.91904592514 Seconds,T4 GPU,421.49190459251406 Seconds (inferred),a555ec6f-ceca-4dcf-bf1d-19fba8f30a72,rfdiffusion_tev_mono_a555ec6f-ceca-4dcf-bf1d-19fba8f30a72.pdb
afea2810-086c-458b-bece-08dfac5a8e73,10,2024-06-18 23:17:14.265665,RFdiffusion_150it,backbone_pdb_generation,"tev (monomer) scaffolding [contigs = ""27/A28-33/13/A47-51/88/A140-152/15/A168-179/32/A212-221/16""]",4214.91904592514 Seconds,T4 GPU,421.49190459251406 Seconds (inferred),17033542-90a1-4ecb-a3bc-77f3bcffc6d9,rfdiffusion_tev_mono_17033542-90a1-4ecb-a3bc-77f3bcffc6d9.pdb
afea2810-086c-458b-bece-08dfac5a8e73,10,2024-06-18 23:17:14.265665,RFdiffusion_150it,backbone_pdb_generation,"tev (monomer) scaffolding [contigs = ""27/A28-33/13/A47-51/88/A140-152/15/A168-179/32/A212-221/16""]",4214.91904592514 Seconds,T4 GPU,421.49190459251406 Seconds (inferred),8f32bd76-8d73-4746-a882-4a03957cc036,rfdiffusion_tev_mono_8f32bd76-8d73-4746-a882-4a03957cc036.pdb
afea2810-086c-458b-bece-08dfac5a8e73,10,2024-06-18 23:17:14.265665,RFdiffusion_150it,backbone_pdb_generation,"tev (monomer) scaffolding [contigs = ""27/A28-33/13/A47-51/88/A140-152/15/A168-179/32/A212-221/16""]",4214.91904592514 Seconds,T4 GPU,421.49190459251406 Seconds (inferred),1ce900a4-0332-4667-9b3a-6bd2df3082ad,rfdiffusion_tev_mono_1ce900a4-0332-4667-9b3a-6bd2df3082ad.pdb
bc1b7100-e167-4c65-a88d-70108dc8cdd0,10,2024-06-21 00:39:51.005513,RFdiffusion_150it,backbone_pdb_generation,"tev (complex) scaffolding [contigs = ""27/A28-33/13/A47-51/88/A140-152/15/A168-179/32/A212-221/16/0 B15-21""]",2294.0567631721497 Seconds,T4 GPU,458.8113526344299 Seconds (inferred),140bbd43-4cc0-4b20-9ede-8b1d05dc4192,rfdiffusion_tev_comp_140bbd43-4cc0-4b20-9ede-8b1d05dc4192.pdb
bc1b7100-e167-4c65-a88d-70108dc8cdd0,10,2024-06-21 00:39:51.005513,RFdiffusion_150it,backbone_pdb_generation,"tev (complex) scaffolding [contigs = ""27/A28-33/13/A47-51/88/A140-152/15/A168-179/32/A212-221/16/0 B15-21""]",2294.0567631721497 Seconds,T4 GPU,458.8113526344299 Seconds (inferred),d8c527eb-5964-4ad5-b677-e17d6f697ca6,rfdiffusion_tev_comp_d8c527eb-5964-4ad5-b677-e17d6f697ca6.pdb
bc1b7100-e167-4c65-a88d-70108dc8cdd0,10,2024-06-21 00:39:51.005513,RFdiffusion_150it,backbone_pdb_generation,"tev (complex) scaffolding [contigs = ""27/A28-33/13/A47-51/88/A140-152/15/A168-179/32/A212-221/16/0 B15-21""]",2294.0567631721497 Seconds,T4 GPU,458.8113526344299 Seconds (inferred),f1b46dfc-c800-4ffe-988d-e53ddb60137c,rfdiffusion_tev_comp_f1b46dfc-c800-4ffe-988d-e53ddb60137c.pdb
bc1b7100-e167-4c65-a88d-70108dc8cdd0,10,2024-06-21 00:39:51.005513,RFdiffusion_150it,backbone_pdb_generation,"tev (complex) scaffolding [contigs = ""27/A28-33/13/A47-51/88/A140-152/15/A168-179/32/A212-221/16/0 B15-21""]",2294.0567631721497 Seconds,T4 GPU,458.8113526344299 Seconds (inferred),4c294b36-c267-47d1-94f4-930d08d0d25d,rfdiffusion_tev_comp_4c294b36-c267-47d1-94f4-930d08d0d25d.pdb
bc1b7100-e167-4c65-a88d-70108dc8cdd0,10,2024-06-21 00:39:51.005513,RFdiffusion_150it,backbone_pdb_generation,"tev (complex) scaffolding [contigs = ""27/A28-33/13/A47-51/88/A140-152/15/A168-179/32/A212-221/16/0 B15-21""]",2294.0567631721497 Seconds,T4 GPU,458.8113526344299 Seconds (inferred),69c12792-833d-42d8-a9dc-2e6e1eb9b681,rfdiffusion_tev_comp_69c12792-833d-42d8-a9dc-2e6e1eb9b681.pdb
b2a66586-b9e3-4b2a-96cf-e0fec649bc6c,10,2024-06-21 01:18:06.033412,RFdiffusion_150it,backbone_pdb_generation,"tev (complex) scaffolding [contigs = ""27/A28-33/13/A47-51/88/A140-152/15/A168-179/32/A212-221/16/0 B15-21""]",2291.293328523636 Seconds,T4 GPU,458.25866570472715 Seconds (inferred),c93f82f3-cd03-4a8d-a435-7a94fc8b3b0b,rfdiffusion_tev_comp_c93f82f3-cd03-4a8d-a435-7a94fc8b3b0b.pdb
b2a66586-b9e3-4b2a-96cf-e0fec649bc6c,10,2024-06-21 01:18:06.033412,RFdiffusion_150it,backbone_pdb_generation,"tev (complex) scaffolding [contigs = ""27/A28-33/13/A47-51/88/A140-152/15/A168-179/32/A212-221/16/0 B15-21""]",2291.293328523636 Seconds,T4 GPU,458.25866570472715 Seconds (inferred),7181fbf8-4236-4011-bfe0-64f8aa0e845c,rfdiffusion_tev_comp_7181fbf8-4236-4011-bfe0-64f8aa0e845c.pdb
b2a66586-b9e3-4b2a-96cf-e0fec649bc6c,10,2024-06-21 01:18:06.033412,RFdiffusion_150it,backbone_pdb_generation,"tev (complex) scaffolding [contigs = ""27/A28-33/13/A47-51/88/A140-152/15/A168-179/32/A212-221/16/0 B15-21""]",2291.293328523636 Seconds,T4 GPU,458.25866570472715 Seconds (inferred),718b93f7-f414-4d83-a9b2-b43f62d93d88,rfdiffusion_tev_comp_718b93f7-f414-4d83-a9b2-b43f62d93d88.pdb
b2a66586-b9e3-4b2a-96cf-e0fec649bc6c,10,2024-06-21 01:18:06.033412,RFdiffusion_150it,backbone_pdb_generation,"tev (complex) scaffolding [contigs = ""27/A28-33/13/A47-51/88/A140-152/15/A168-179/32/A212-221/16/0 B15-21""]",2291.293328523636 Seconds,T4 GPU,458.25866570472715 Seconds (inferred),c45a0a68-7620-4b1a-bb66-4ab1de29ac7e,rfdiffusion_tev_comp_c45a0a68-7620-4b1a-bb66-4ab1de29ac7e.pdb
b2a66586-b9e3-4b2a-96cf-e0fec649bc6c,10,2024-06-21 01:18:06.033412,RFdiffusion_150it,backbone_pdb_generation,"tev (complex) scaffolding [contigs = ""27/A28-33/13/A47-51/88/A140-152/15/A168-179/32/A212-221/16/0 B15-21""]",2291.293328523636 Seconds,T4 GPU,458.25866570472715 Seconds (inferred),088010cc-51f3-4d06-9c8e-e3510eaeffde,rfdiffusion_tev_comp_088010cc-51f3-4d06-9c8e-e3510eaeffde.pdb
15e67b5b-0c49-442d-b070-913bbeaaa5a1,10,2024-06-21 01:56:18.088427,RFdiffusion_150it,backbone_pdb_generation,"tev (complex) scaffolding [contigs = ""27/A28-33/13/A47-51/88/A140-152/15/A168-179/32/A212-221/16/0 B15-21""]",2295.975764989853 Seconds,T4 GPU,459.1951529979706 Seconds (inferred),8f58b563-26c5-4f18-b76f-51601ec89dc5,rfdiffusion_tev_comp_8f58b563-26c5-4f18-b76f-51601ec89dc5.pdb
15e67b5b-0c49-442d-b070-913bbeaaa5a1,10,2024-06-21 01:56:18.088427,RFdiffusion_150it,backbone_pdb_generation,"tev (complex) scaffolding [contigs = ""27/A28-33/13/A47-51/88/A140-152/15/A168-179/32/A212-221/16/0 B15-21""]",2295.975764989853 Seconds,T4 GPU,459.1951529979706 Seconds (inferred),ca742958-dd3c-431a-81f0-430133d1c219,rfdiffusion_tev_comp_ca742958-dd3c-431a-81f0-430133d1c219.pdb
15e67b5b-0c49-442d-b070-913bbeaaa5a1,10,2024-06-21 01:56:18.088427,RFdiffusion_150it,backbone_pdb_generation,"tev (complex) scaffolding [contigs = ""27/A28-33/13/A47-51/88/A140-152/15/A168-179/32/A212-221/16/0 B15-21""]",2295.975764989853 Seconds,T4 GPU,459.1951529979706 Seconds (inferred),37055841-3d37-492c-a8ae-e2e6b87780ab,rfdiffusion_tev_comp_37055841-3d37-492c-a8ae-e2e6b87780ab.pdb
15e67b5b-0c49-442d-b070-913bbeaaa5a1,10,2024-06-21 01:56:18.088427,RFdiffusion_150it,backbone_pdb_generation,"tev (complex) scaffolding [contigs = ""27/A28-33/13/A47-51/88/A140-152/15/A168-179/32/A212-221/16/0 B15-21""]",2295.975764989853 Seconds,T4 GPU,459.1951529979706 Seconds (inferred),9d32b164-dedc-45cb-af16-73872829b05e,rfdiffusion_tev_comp_9d32b164-dedc-45cb-af16-73872829b05e.pdb
15e67b5b-0c49-442d-b070-913bbeaaa5a1,10,2024-06-21 01:56:18.088427,RFdiffusion_150it,backbone_pdb_generation,"tev (complex) scaffolding [contigs = ""27/A28-33/13/A47-51/88/A140-152/15/A168-179/32/A212-221/16/0 B15-21""]",2295.975764989853 Seconds,T4 GPU,459.1951529979706 Seconds (inferred),8a9f0fc6-8244-4398-ab0b-4dd71ab3295c,rfdiffusion_tev_comp_8a9f0fc6-8244-4398-ab0b-4dd71ab3295c.pdb
a8e48fc3-c49a-4e7c-a310-a7be24ad1e9e,10,2024-06-21 02:34:34.817257,RFdiffusion_150it,backbone_pdb_generation,"tev (complex) scaffolding [contigs = ""27/A28-33/13/A47-51/88/A140-152/15/A168-179/32/A212-221/16/0 B15-21""]",2285.8439245224 Seconds,T4 GPU,457.16878490448 Seconds (inferred),da29326c-e364-43c1-8a7b-5caf86d7f55c,rfdiffusion_tev_comp_da29326c-e364-43c1-8a7b-5caf86d7f55c.pdb
a8e48fc3-c49a-4e7c-a310-a7be24ad1e9e,10,2024-06-21 02:34:34.817257,RFdiffusion_150it,backbone_pdb_generation,"tev (complex) scaffolding [contigs = ""27/A28-33/13/A47-51/88/A140-152/15/A168-179/32/A212-221/16/0 B15-21""]",2285.8439245224 Seconds,T4 GPU,457.16878490448 Seconds (inferred),a96b8e2e-d719-4aa3-8c18-d029f642bd66,rfdiffusion_tev_comp_a96b8e2e-d719-4aa3-8c18-d029f642bd66.pdb
a8e48fc3-c49a-4e7c-a310-a7be24ad1e9e,10,2024-06-21 02:34:34.817257,RFdiffusion_150it,backbone_pdb_generation,"tev (complex) scaffolding [contigs = ""27/A28-33/13/A47-51/88/A140-152/15/A168-179/32/A212-221/16/0 B15-21""]",2285.8439245224 Seconds,T4 GPU,457.16878490448 Seconds (inferred),ac5a1cb8-6669-46d4-8b6b-0d5739902084,rfdiffusion_tev_comp_ac5a1cb8-6669-46d4-8b6b-0d5739902084.pdb
a8e48fc3-c49a-4e7c-a310-a7be24ad1e9e,10,2024-06-21 02:34:34.817257,RFdiffusion_150it,backbone_pdb_generation,"tev (complex) scaffolding [contigs = ""27/A28-33/13/A47-51/88/A140-152/15/A168-179/32/A212-221/16/0 B15-21""]",2285.8439245224 Seconds,T4 GPU,457.16878490448 Seconds (inferred),8c933bf7-f213-4234-9a36-354a5beb41d8,rfdiffusion_tev_comp_8c933bf7-f213-4234-9a36-354a5beb41d8.pdb
a8e48fc3-c49a-4e7c-a310-a7be24ad1e9e,10,2024-06-21 02:34:34.817257,RFdiffusion_150it,backbone_pdb_generation,"tev (complex) scaffolding [contigs = ""27/A28-33/13/A47-51/88/A140-152/15/A168-179/32/A212-221/16/0 B15-21""]",2285.8439245224 Seconds,T4 GPU,457.16878490448 Seconds (inferred),5e2de796-6f9f-4576-8422-7f02db3d0e37,rfdiffusion_tev_comp_5e2de796-6f9f-4576-8422-7f02db3d0e37.pdb
95737c2f-443d-419f-b647-0c04e44242cb,10,2024-06-21 03:12:41.717913,RFdiffusion_150it,backbone_pdb_generation,"tev (complex) scaffolding [contigs = ""27/A28-33/13/A47-51/88/A140-152/15/A168-179/32/A212-221/16/0 B15-21""]",2282.863937854767 Seconds,T4 GPU,456.5727875709534 Seconds (inferred),3a2e882e-90fa-4640-bc76-8105c46e1375,rfdiffusion_tev_comp_3a2e882e-90fa-4640-bc76-8105c46e1375.pdb
95737c2f-443d-419f-b647-0c04e44242cb,10,2024-06-21 03:12:41.717913,RFdiffusion_150it,backbone_pdb_generation,"tev (complex) scaffolding [contigs = ""27/A28-33/13/A47-51/88/A140-152/15/A168-179/32/A212-221/16/0 B15-21""]",2282.863937854767 Seconds,T4 GPU,456.5727875709534 Seconds (inferred),311f7885-152c-428c-a598-6b1b4e6bb3bd,rfdiffusion_tev_comp_311f7885-152c-428c-a598-6b1b4e6bb3bd.pdb
95737c2f-443d-419f-b647-0c04e44242cb,10,2024-06-21 03:12:41.717913,RFdiffusion_150it,backbone_pdb_generation,"tev (complex) scaffolding [contigs = ""27/A28-33/13/A47-51/88/A140-152/15/A168-179/32/A212-221/16/0 B15-21""]",2282.863937854767 Seconds,T4 GPU,456.5727875709534 Seconds (inferred),b0174a48-6681-4411-982b-9872014960a5,rfdiffusion_tev_comp_b0174a48-6681-4411-982b-9872014960a5.pdb
95737c2f-443d-419f-b647-0c04e44242cb,10,2024-06-21 03:12:41.717913,RFdiffusion_150it,backbone_pdb_generation,"tev (complex) scaffolding [contigs = ""27/A28-33/13/A47-51/88/A140-152/15/A168-179/32/A212-221/16/0 B15-21""]",2282.863937854767 Seconds,T4 GPU,456.5727875709534 Seconds (inferred),ea26670d-9ba3-414e-a920-4bc4cf530d68,rfdiffusion_tev_comp_ea26670d-9ba3-414e-a920-4bc4cf530d68.pdb
95737c2f-443d-419f-b647-0c04e44242cb,10,2024-06-21 03:12:41.717913,RFdiffusion_150it,backbone_pdb_generation,"tev (complex) scaffolding [contigs = ""27/A28-33/13/A47-51/88/A140-152/15/A168-179/32/A212-221/16/0 B15-21""]",2282.863937854767 Seconds,T4 GPU,456.5727875709534 Seconds (inferred),4cc85c1e-b88b-4be9-bfb7-e09e453c3a9c,rfdiffusion_tev_comp_4cc85c1e-b88b-4be9-bfb7-e09e453c3a9c.pdb
cec116e4-fc6c-4cb8-b48d-d9e907393d07,10,2024-06-21 03:50:45.336326,RFdiffusion_150it,backbone_pdb_generation,"tev (complex) scaffolding [contigs = ""27/A28-33/13/A47-51/88/A140-152/15/A168-179/32/A212-221/16/0 B15-21""]",2285.5188455581665 Seconds,T4 GPU,457.1037691116333 Seconds (inferred),7a745690-9731-4541-bd13-f7835e52f76d,rfdiffusion_tev_comp_7a745690-9731-4541-bd13-f7835e52f76d.pdb
cec116e4-fc6c-4cb8-b48d-d9e907393d07,10,2024-06-21 03:50:45.336326,RFdiffusion_150it,backbone_pdb_generation,"tev (complex) scaffolding [contigs = ""27/A28-33/13/A47-51/88/A140-152/15/A168-179/32/A212-221/16/0 B15-21""]",2285.5188455581665 Seconds,T4 GPU,457.1037691116333 Seconds (inferred),2dcc5036-a3fe-42f7-88d5-66b4efcbc5e4,rfdiffusion_tev_comp_2dcc5036-a3fe-42f7-88d5-66b4efcbc5e4.pdb
cec116e4-fc6c-4cb8-b48d-d9e907393d07,10,2024-06-21 03:50:45.336326,RFdiffusion_150it,backbone_pdb_generation,"tev (complex) scaffolding [contigs = ""27/A28-33/13/A47-51/88/A140-152/15/A168-179/32/A212-221/16/0 B15-21""]",2285.5188455581665 Seconds,T4 GPU,457.1037691116333 Seconds (inferred),6b32b697-afc5-4e0a-9d97-81bdbea45663,rfdiffusion_tev_comp_6b32b697-afc5-4e0a-9d97-81bdbea45663.pdb
cec116e4-fc6c-4cb8-b48d-d9e907393d07,10,2024-06-21 03:50:45.336326,RFdiffusion_150it,backbone_pdb_generation,"tev (complex) scaffolding [contigs = ""27/A28-33/13/A47-51/88/A140-152/15/A168-179/32/A212-221/16/0 B15-21""]",2285.5188455581665 Seconds,T4 GPU,457.1037691116333 Seconds (inferred),a83c6201-81c1-42a4-b844-043a11b630bf,rfdiffusion_tev_comp_a83c6201-81c1-42a4-b844-043a11b630bf.pdb
cec116e4-fc6c-4cb8-b48d-d9e907393d07,10,2024-06-21 03:50:45.336326,RFdiffusion_150it,backbone_pdb_generation,"tev (complex) scaffolding [contigs = ""27/A28-33/13/A47-51/88/A140-152/15/A168-179/32/A212-221/16/0 B15-21""]",2285.5188455581665 Seconds,T4 GPU,457.1037691116333 Seconds (inferred),8edf0bd1-bf30-43ff-8d21-095ab23d0317,rfdiffusion_tev_comp_8edf0bd1-bf30-43ff-8d21-095ab23d0317.pdb
80381da5-5a9f-4640-b09c-0e0b742c3287,10,2024-06-21 04:28:52.003788,RFdiffusion_150it,backbone_pdb_generation,"tev (complex) scaffolding [contigs = ""27/A28-33/13/A47-51/88/A140-152/15/A168-179/32/A212-221/16/0 B15-21""]",2292.77862906456 Seconds,T4 GPU,458.555725812912 Seconds (inferred),a58522be-726e-4286-abe8-18ce0c66b22b,rfdiffusion_tev_comp_a58522be-726e-4286-abe8-18ce0c66b22b.pdb
80381da5-5a9f-4640-b09c-0e0b742c3287,10,2024-06-21 04:28:52.003788,RFdiffusion_150it,backbone_pdb_generation,"tev (complex) scaffolding [contigs = ""27/A28-33/13/A47-51/88/A140-152/15/A168-179/32/A212-221/16/0 B15-21""]",2292.77862906456 Seconds,T4 GPU,458.555725812912 Seconds (inferred),a20f1c5d-4723-4d98-a841-ee634f1afb08,rfdiffusion_tev_comp_a20f1c5d-4723-4d98-a841-ee634f1afb08.pdb
80381da5-5a9f-4640-b09c-0e0b742c3287,10,2024-06-21 04:28:52.003788,RFdiffusion_150it,backbone_pdb_generation,"tev (complex) scaffolding [contigs = ""27/A28-33/13/A47-51/88/A140-152/15/A168-179/32/A212-221/16/0 B15-21""]",2292.77862906456 Seconds,T4 GPU,458.555725812912 Seconds (inferred),c428b92a-2ca7-4dde-b6f7-9289ea09331a,rfdiffusion_tev_comp_c428b92a-2ca7-4dde-b6f7-9289ea09331a.pdb
80381da5-5a9f-4640-b09c-0e0b742c3287,10,2024-06-21 04:28:52.003788,RFdiffusion_150it,backbone_pdb_generation,"tev (complex) scaffolding [contigs = ""27/A28-33/13/A47-51/88/A140-152/15/A168-179/32/A212-221/16/0 B15-21""]",2292.77862906456 Seconds,T4 GPU,458.555725812912 Seconds (inferred),7324377d-f417-4f6a-a729-e33805dda490,rfdiffusion_tev_comp_7324377d-f417-4f6a-a729-e33805dda490.pdb
80381da5-5a9f-4640-b09c-0e0b742c3287,10,2024-06-21 04:28:52.003788,RFdiffusion_150it,backbone_pdb_generation,"tev (complex) scaffolding [contigs = ""27/A28-33/13/A47-51/88/A140-152/15/A168-179/32/A212-221/16/0 B15-21""]",2292.77862906456 Seconds,T4 GPU,458.555725812912 Seconds (inferred),e459b52e-863e-4cad-92e2-fa941fb6fd70,rfdiffusion_tev_comp_e459b52e-863e-4cad-92e2-fa941fb6fd70.pdb
55e0b726-7b1a-49ae-8045-5b08a17fed05,10,2024-06-21 05:07:05.537863,RFdiffusion_150it,backbone_pdb_generation,"tev (complex) scaffolding [contigs = ""27/A28-33/13/A47-51/88/A140-152/15/A168-179/32/A212-221/16/0 B15-21""]",2299.054598093033 Seconds,T4 GPU,459.8109196186066 Seconds (inferred),c71af199-6b71-4f3c-8c98-603c46267ccd,rfdiffusion_tev_comp_c71af199-6b71-4f3c-8c98-603c46267ccd.pdb
55e0b726-7b1a-49ae-8045-5b08a17fed05,10,2024-06-21 05:07:05.537863,RFdiffusion_150it,backbone_pdb_generation,"tev (complex) scaffolding [contigs = ""27/A28-33/13/A47-51/88/A140-152/15/A168-179/32/A212-221/16/0 B15-21""]",2299.054598093033 Seconds,T4 GPU,459.8109196186066 Seconds (inferred),05865a0a-5d0d-4795-8875-bbb747c95cb5,rfdiffusion_tev_comp_05865a0a-5d0d-4795-8875-bbb747c95cb5.pdb
55e0b726-7b1a-49ae-8045-5b08a17fed05,10,2024-06-21 05:07:05.537863,RFdiffusion_150it,backbone_pdb_generation,"tev (complex) scaffolding [contigs = ""27/A28-33/13/A47-51/88/A140-152/15/A168-179/32/A212-221/16/0 B15-21""]",2299.054598093033 Seconds,T4 GPU,459.8109196186066 Seconds (inferred),643185bb-9422-49d9-8047-8e0bce89fc59,rfdiffusion_tev_comp_643185bb-9422-49d9-8047-8e0bce89fc59.pdb
55e0b726-7b1a-49ae-8045-5b08a17fed05,10,2024-06-21 05:07:05.537863,RFdiffusion_150it,backbone_pdb_generation,"tev (complex) scaffolding [contigs = ""27/A28-33/13/A47-51/88/A140-152/15/A168-179/32/A212-221/16/0 B15-21""]",2299.054598093033 Seconds,T4 GPU,459.8109196186066 Seconds (inferred),ea066fcf-cb67-4b25-82a4-da02d2646063,rfdiffusion_tev_comp_ea066fcf-cb67-4b25-82a4-da02d2646063.pdb
55e0b726-7b1a-49ae-8045-5b08a17fed05,10,2024-06-21 05:07:05.537863,RFdiffusion_150it,backbone_pdb_generation,"tev (complex) scaffolding [contigs = ""27/A28-33/13/A47-51/88/A140-152/15/A168-179/32/A212-221/16/0 B15-21""]",2299.054598093033 Seconds,T4 GPU,459.8109196186066 Seconds (inferred),a4a8c725-4ca5-442d-8c38-d82c06f87343,rfdiffusion_tev_comp_a4a8c725-4ca5-442d-8c38-d82c06f87343.pdb
70251638-01c0-4324-b264-4645259d8934,10,2024-06-21 05:45:25.349539,RFdiffusion_150it,backbone_pdb_generation,"tev (complex) scaffolding [contigs = ""27/A28-33/13/A47-51/88/A140-152/15/A168-179/32/A212-221/16/0 B15-21""]",2293.6888954639435 Seconds,T4 GPU,458.7377790927887 Seconds (inferred),c599cb55-d946-4e60-bfb4-8a3b131e6451,rfdiffusion_tev_comp_c599cb55-d946-4e60-bfb4-8a3b131e6451.pdb
70251638-01c0-4324-b264-4645259d8934,10,2024-06-21 05:45:25.349539,RFdiffusion_150it,backbone_pdb_generation,"tev (complex) scaffolding [contigs = ""27/A28-33/13/A47-51/88/A140-152/15/A168-179/32/A212-221/16/0 B15-21""]",2293.6888954639435 Seconds,T4 GPU,458.7377790927887 Seconds (inferred),26155df6-b214-4508-8488-eb12bd76a915,rfdiffusion_tev_comp_26155df6-b214-4508-8488-eb12bd76a915.pdb
70251638-01c0-4324-b264-4645259d8934,10,2024-06-21 05:45:25.349539,RFdiffusion_150it,backbone_pdb_generation,"tev (complex) scaffolding [contigs = ""27/A28-33/13/A47-51/88/A140-152/15/A168-179/32/A212-221/16/0 B15-21""]",2293.6888954639435 Seconds,T4 GPU,458.7377790927887 Seconds (inferred),018db1be-f942-4f8e-a341-cf621f87633c,rfdiffusion_tev_comp_018db1be-f942-4f8e-a341-cf621f87633c.pdb
70251638-01c0-4324-b264-4645259d8934,10,2024-06-21 05:45:25.349539,RFdiffusion_150it,backbone_pdb_generation,"tev (complex) scaffolding [contigs = ""27/A28-33/13/A47-51/88/A140-152/15/A168-179/32/A212-221/16/0 B15-21""]",2293.6888954639435 Seconds,T4 GPU,458.7377790927887 Seconds (inferred),54e1f959-9492-4271-a4f8-a099e6445ec6,rfdiffusion_tev_comp_54e1f959-9492-4271-a4f8-a099e6445ec6.pdb
70251638-01c0-4324-b264-4645259d8934,10,2024-06-21 05:45:25.349539,RFdiffusion_150it,backbone_pdb_generation,"tev (complex) scaffolding [contigs = ""27/A28-33/13/A47-51/88/A140-152/15/A168-179/32/A212-221/16/0 B15-21""]",2293.6888954639435 Seconds,T4 GPU,458.7377790927887 Seconds (inferred),b992cbf3-3cfe-469e-b9bd-1dbf64162c45,rfdiffusion_tev_comp_b992cbf3-3cfe-469e-b9bd-1dbf64162c45.pdb
d7132e6d-5698-4770-85f1-e0ac4ceb0883,10,2024-06-21 06:23:39.791562,RFdiffusion_150it,backbone_pdb_generation,"tev (complex) scaffolding [contigs = ""27/A28-33/13/A47-51/88/A140-152/15/A168-179/32/A212-221/16/0 B15-21""]",2287.467348098755 Seconds,T4 GPU,457.49346961975095 Seconds (inferred),8dd6c117-89d6-4163-bc0f-fb014d1e7613,rfdiffusion_tev_comp_8dd6c117-89d6-4163-bc0f-fb014d1e7613.pdb
d7132e6d-5698-4770-85f1-e0ac4ceb0883,10,2024-06-21 06:23:39.791562,RFdiffusion_150it,backbone_pdb_generation,"tev (complex) scaffolding [contigs = ""27/A28-33/13/A47-51/88/A140-152/15/A168-179/32/A212-221/16/0 B15-21""]",2287.467348098755 Seconds,T4 GPU,457.49346961975095 Seconds (inferred),81356983-7cda-44fe-ba11-baf708351060,rfdiffusion_tev_comp_81356983-7cda-44fe-ba11-baf708351060.pdb
d7132e6d-5698-4770-85f1-e0ac4ceb0883,10,2024-06-21 06:23:39.791562,RFdiffusion_150it,backbone_pdb_generation,"tev (complex) scaffolding [contigs = ""27/A28-33/13/A47-51/88/A140-152/15/A168-179/32/A212-221/16/0 B15-21""]",2287.467348098755 Seconds,T4 GPU,457.49346961975095 Seconds (inferred),23cbe8c6-840a-4ea9-9a48-79d26e5bde94,rfdiffusion_tev_comp_23cbe8c6-840a-4ea9-9a48-79d26e5bde94.pdb
d7132e6d-5698-4770-85f1-e0ac4ceb0883,10,2024-06-21 06:23:39.791562,RFdiffusion_150it,backbone_pdb_generation,"tev (complex) scaffolding [contigs = ""27/A28-33/13/A47-51/88/A140-152/15/A168-179/32/A212-221/16/0 B15-21""]",2287.467348098755 Seconds,T4 GPU,457.49346961975095 Seconds (inferred),7333b6b5-ee17-4cd9-bdaa-41bb1e126657,rfdiffusion_tev_comp_7333b6b5-ee17-4cd9-bdaa-41bb1e126657.pdb
d7132e6d-5698-4770-85f1-e0ac4ceb0883,10,2024-06-21 06:23:39.791562,RFdiffusion_150it,backbone_pdb_generation,"tev (complex) scaffolding [contigs = ""27/A28-33/13/A47-51/88/A140-152/15/A168-179/32/A212-221/16/0 B15-21""]",2287.467348098755 Seconds,T4 GPU,457.49346961975095 Seconds (inferred),e030b91a-08f0-4613-a33f-370f54e39c24,rfdiffusion_tev_comp_e030b91a-08f0-4613-a33f-370f54e39c24.pdb
63564019-bbf7-49bf-b3cf-f74c51c489b2,10,2024-06-21 07:01:49.274905,RFdiffusion_150it,backbone_pdb_generation,"tev (complex) scaffolding [contigs = ""27/A28-33/13/A47-51/88/A140-152/15/A168-179/32/A212-221/16/0 B15-21""]",2286.6932027339935 Seconds,T4 GPU,457.33864054679873 Seconds (inferred),54d200b3-97da-4953-a37b-d3ef0f0eb561,rfdiffusion_tev_comp_54d200b3-97da-4953-a37b-d3ef0f0eb561.pdb
63564019-bbf7-49bf-b3cf-f74c51c489b2,10,2024-06-21 07:01:49.274905,RFdiffusion_150it,backbone_pdb_generation,"tev (complex) scaffolding [contigs = ""27/A28-33/13/A47-51/88/A140-152/15/A168-179/32/A212-221/16/0 B15-21""]",2286.6932027339935 Seconds,T4 GPU,457.33864054679873 Seconds (inferred),cbdced57-44e9-419e-a72b-3bf7037f9a2c,rfdiffusion_tev_comp_cbdced57-44e9-419e-a72b-3bf7037f9a2c.pdb
63564019-bbf7-49bf-b3cf-f74c51c489b2,10,2024-06-21 07:01:49.274905,RFdiffusion_150it,backbone_pdb_generation,"tev (complex) scaffolding [contigs = ""27/A28-33/13/A47-51/88/A140-152/15/A168-179/32/A212-221/16/0 B15-21""]",2286.6932027339935 Seconds,T4 GPU,457.33864054679873 Seconds (inferred),b26027b9-36a8-4966-8711-120d3955bbad,rfdiffusion_tev_comp_b26027b9-36a8-4966-8711-120d3955bbad.pdb
63564019-bbf7-49bf-b3cf-f74c51c489b2,10,2024-06-21 07:01:49.274905,RFdiffusion_150it,backbone_pdb_generation,"tev (complex) scaffolding [contigs = ""27/A28-33/13/A47-51/88/A140-152/15/A168-179/32/A212-221/16/0 B15-21""]",2286.6932027339935 Seconds,T4 GPU,457.33864054679873 Seconds (inferred),c6cbfb5a-a7cc-4ede-b0a1-3b1f2f5796e9,rfdiffusion_tev_comp_c6cbfb5a-a7cc-4ede-b0a1-3b1f2f5796e9.pdb
63564019-bbf7-49bf-b3cf-f74c51c489b2,10,2024-06-21 07:01:49.274905,RFdiffusion_150it,backbone_pdb_generation,"tev (complex) scaffolding [contigs = ""27/A28-33/13/A47-51/88/A140-152/15/A168-179/32/A212-221/16/0 B15-21""]",2286.6932027339935 Seconds,T4 GPU,457.33864054679873 Seconds (inferred),fcc9ad69-a141-4390-b3c8-fc0e3e31b127,rfdiffusion_tev_comp_fcc9ad69-a141-4390-b3c8-fc0e3e31b127.pdb
b0e50280-1c73-457d-92b9-c4bc6a1f85ba,10,2024-06-21 07:39:56.724893,RFdiffusion_150it,backbone_pdb_generation,"tev (complex) scaffolding [contigs = ""27/A28-33/13/A47-51/88/A140-152/15/A168-179/32/A212-221/16/0 B15-21""]",2291.8883550167084 Seconds,T4 GPU,458.3776710033417 Seconds (inferred),ab868117-4139-4dc9-8fac-4fc7475c3e96,rfdiffusion_tev_comp_ab868117-4139-4dc9-8fac-4fc7475c3e96.pdb
b0e50280-1c73-457d-92b9-c4bc6a1f85ba,10,2024-06-21 07:39:56.724893,RFdiffusion_150it,backbone_pdb_generation,"tev (complex) scaffolding [contigs = ""27/A28-33/13/A47-51/88/A140-152/15/A168-179/32/A212-221/16/0 B15-21""]",2291.8883550167084 Seconds,T4 GPU,458.3776710033417 Seconds (inferred),fbaa9e3d-0ebb-4745-9f70-2729f58690d2,rfdiffusion_tev_comp_fbaa9e3d-0ebb-4745-9f70-2729f58690d2.pdb
b0e50280-1c73-457d-92b9-c4bc6a1f85ba,10,2024-06-21 07:39:56.724893,RFdiffusion_150it,backbone_pdb_generation,"tev (complex) scaffolding [contigs = ""27/A28-33/13/A47-51/88/A140-152/15/A168-179/32/A212-221/16/0 B15-21""]",2291.8883550167084 Seconds,T4 GPU,458.3776710033417 Seconds (inferred),4e268a9a-4552-40d4-9ab7-e77b37680437,rfdiffusion_tev_comp_4e268a9a-4552-40d4-9ab7-e77b37680437.pdb
b0e50280-1c73-457d-92b9-c4bc6a1f85ba,10,2024-06-21 07:39:56.724893,RFdiffusion_150it,backbone_pdb_generation,"tev (complex) scaffolding [contigs = ""27/A28-33/13/A47-51/88/A140-152/15/A168-179/32/A212-221/16/0 B15-21""]",2291.8883550167084 Seconds,T4 GPU,458.3776710033417 Seconds (inferred),76a0d968-83a6-4052-9096-f691a7ef5b3a,rfdiffusion_tev_comp_76a0d968-83a6-4052-9096-f691a7ef5b3a.pdb
b0e50280-1c73-457d-92b9-c4bc6a1f85ba,10,2024-06-21 07:39:56.724893,RFdiffusion_150it,backbone_pdb_generation,"tev (complex) scaffolding [contigs = ""27/A28-33/13/A47-51/88/A140-152/15/A168-179/32/A212-221/16/0 B15-21""]",2291.8883550167084 Seconds,T4 GPU,458.3776710033417 Seconds (inferred),0a773a7e-2fd6-4693-8d8d-5fe028824736,rfdiffusion_tev_comp_0a773a7e-2fd6-4693-8d8d-5fe028824736.pdb
c074f1e2-edca-4e1d-8099-90d06cfa9524,10,2024-06-21 08:18:09.370210,RFdiffusion_150it,backbone_pdb_generation,"tev (complex) scaffolding [contigs = ""27/A28-33/13/A47-51/88/A140-152/15/A168-179/32/A212-221/16/0 B15-21""]",2298.422791481018 Seconds,T4 GPU,459.6845582962036 Seconds (inferred),3c415878-f615-4902-8f54-c01c956c480d,rfdiffusion_tev_comp_3c415878-f615-4902-8f54-c01c956c480d.pdb
c074f1e2-edca-4e1d-8099-90d06cfa9524,10,2024-06-21 08:18:09.370210,RFdiffusion_150it,backbone_pdb_generation,"tev (complex) scaffolding [contigs = ""27/A28-33/13/A47-51/88/A140-152/15/A168-179/32/A212-221/16/0 B15-21""]",2298.422791481018 Seconds,T4 GPU,459.6845582962036 Seconds (inferred),7b28bcb3-19dc-435a-87a8-a278ac4c985e,rfdiffusion_tev_comp_7b28bcb3-19dc-435a-87a8-a278ac4c985e.pdb
c074f1e2-edca-4e1d-8099-90d06cfa9524,10,2024-06-21 08:18:09.370210,RFdiffusion_150it,backbone_pdb_generation,"tev (complex) scaffolding [contigs = ""27/A28-33/13/A47-51/88/A140-152/15/A168-179/32/A212-221/16/0 B15-21""]",2298.422791481018 Seconds,T4 GPU,459.6845582962036 Seconds (inferred),1e38d38b-cf45-4ab4-8073-274d9b55e8b1,rfdiffusion_tev_comp_1e38d38b-cf45-4ab4-8073-274d9b55e8b1.pdb
c074f1e2-edca-4e1d-8099-90d06cfa9524,10,2024-06-21 08:18:09.370210,RFdiffusion_150it,backbone_pdb_generation,"tev (complex) scaffolding [contigs = ""27/A28-33/13/A47-51/88/A140-152/15/A168-179/32/A212-221/16/0 B15-21""]",2298.422791481018 Seconds,T4 GPU,459.6845582962036 Seconds (inferred),8d7abaab-ecbe-4221-8e04-72e50aadb873,rfdiffusion_tev_comp_8d7abaab-ecbe-4221-8e04-72e50aadb873.pdb
c074f1e2-edca-4e1d-8099-90d06cfa9524,10,2024-06-21 08:18:09.370210,RFdiffusion_150it,backbone_pdb_generation,"tev (complex) scaffolding [contigs = ""27/A28-33/13/A47-51/88/A140-152/15/A168-179/32/A212-221/16/0 B15-21""]",2298.422791481018 Seconds,T4 GPU,459.6845582962036 Seconds (inferred),48f882ad-ae69-490a-9eeb-5ade39c1d9b0,rfdiffusion_tev_comp_48f882ad-ae69-490a-9eeb-5ade39c1d9b0.pdb
cb344508-6943-4db0-b3f3-60a42ae03f4f,10,2024-06-21 08:56:28.547742,RFdiffusion_150it,backbone_pdb_generation,"tev (complex) scaffolding [contigs = ""27/A28-33/13/A47-51/88/A140-152/15/A168-179/32/A212-221/16/0 B15-21""]",2279.065227985382 Seconds,T4 GPU,455.81304559707644 Seconds (inferred),fead4724-ad3e-45b8-90a2-61d90d43c4cf,rfdiffusion_tev_comp_fead4724-ad3e-45b8-90a2-61d90d43c4cf.pdb
cb344508-6943-4db0-b3f3-60a42ae03f4f,10,2024-06-21 08:56:28.547742,RFdiffusion_150it,backbone_pdb_generation,"tev (complex) scaffolding [contigs = ""27/A28-33/13/A47-51/88/A140-152/15/A168-179/32/A212-221/16/0 B15-21""]",2279.065227985382 Seconds,T4 GPU,455.81304559707644 Seconds (inferred),a388a45e-f598-44d9-bf11-aeb939ed3102,rfdiffusion_tev_comp_a388a45e-f598-44d9-bf11-aeb939ed3102.pdb
cb344508-6943-4db0-b3f3-60a42ae03f4f,10,2024-06-21 08:56:28.547742,RFdiffusion_150it,backbone_pdb_generation,"tev (complex) scaffolding [contigs = ""27/A28-33/13/A47-51/88/A140-152/15/A168-179/32/A212-221/16/0 B15-21""]",2279.065227985382 Seconds,T4 GPU,455.81304559707644 Seconds (inferred),77a1ef67-5280-484e-8892-ba32702748b9,rfdiffusion_tev_comp_77a1ef67-5280-484e-8892-ba32702748b9.pdb
cb344508-6943-4db0-b3f3-60a42ae03f4f,10,2024-06-21 08:56:28.547742,RFdiffusion_150it,backbone_pdb_generation,"tev (complex) scaffolding [contigs = ""27/A28-33/13/A47-51/88/A140-152/15/A168-179/32/A212-221/16/0 B15-21""]",2279.065227985382 Seconds,T4 GPU,455.81304559707644 Seconds (inferred),3150a0ba-98e0-4a42-b986-8c7ccb91028e,rfdiffusion_tev_comp_3150a0ba-98e0-4a42-b986-8c7ccb91028e.pdb
cb344508-6943-4db0-b3f3-60a42ae03f4f,10,2024-06-21 08:56:28.547742,RFdiffusion_150it,backbone_pdb_generation,"tev (complex) scaffolding [contigs = ""27/A28-33/13/A47-51/88/A140-152/15/A168-179/32/A212-221/16/0 B15-21""]",2279.065227985382 Seconds,T4 GPU,455.81304559707644 Seconds (inferred),9073f4e1-ceb3-43c5-9c71-1d3414a07c55,rfdiffusion_tev_comp_9073f4e1-ceb3-43c5-9c71-1d3414a07c55.pdb
2b2b62ce-05d9-4b87-8ce6-9d0f6f1972e3,10,2024-06-21 09:34:28.662735,RFdiffusion_150it,backbone_pdb_generation,"tev (complex) scaffolding [contigs = ""27/A28-33/13/A47-51/88/A140-152/15/A168-179/32/A212-221/16/0 B15-21""]",2280.1874947547913 Seconds,T4 GPU,456.03749895095825 Seconds (inferred),e2ff9c23-ab82-4894-8364-1f198e3c4103,rfdiffusion_tev_comp_e2ff9c23-ab82-4894-8364-1f198e3c4103.pdb
2b2b62ce-05d9-4b87-8ce6-9d0f6f1972e3,10,2024-06-21 09:34:28.662735,RFdiffusion_150it,backbone_pdb_generation,"tev (complex) scaffolding [contigs = ""27/A28-33/13/A47-51/88/A140-152/15/A168-179/32/A212-221/16/0 B15-21""]",2280.1874947547913 Seconds,T4 GPU,456.03749895095825 Seconds (inferred),ff21fbfb-96c1-43eb-a45e-99a09bccc397,rfdiffusion_tev_comp_ff21fbfb-96c1-43eb-a45e-99a09bccc397.pdb
2b2b62ce-05d9-4b87-8ce6-9d0f6f1972e3,10,2024-06-21 09:34:28.662735,RFdiffusion_150it,backbone_pdb_generation,"tev (complex) scaffolding [contigs = ""27/A28-33/13/A47-51/88/A140-152/15/A168-179/32/A212-221/16/0 B15-21""]",2280.1874947547913 Seconds,T4 GPU,456.03749895095825 Seconds (inferred),6ace0fe8-43af-4036-93ed-2ce0e5f5e455,rfdiffusion_tev_comp_6ace0fe8-43af-4036-93ed-2ce0e5f5e455.pdb
2b2b62ce-05d9-4b87-8ce6-9d0f6f1972e3,10,2024-06-21 09:34:28.662735,RFdiffusion_150it,backbone_pdb_generation,"tev (complex) scaffolding [contigs = ""27/A28-33/13/A47-51/88/A140-152/15/A168-179/32/A212-221/16/0 B15-21""]",2280.1874947547913 Seconds,T4 GPU,456.03749895095825 Seconds (inferred),9a836637-d1b0-42e1-a070-4b1b7f3155b9,rfdiffusion_tev_comp_9a836637-d1b0-42e1-a070-4b1b7f3155b9.pdb
2b2b62ce-05d9-4b87-8ce6-9d0f6f1972e3,10,2024-06-21 09:34:28.662735,RFdiffusion_150it,backbone_pdb_generation,"tev (complex) scaffolding [contigs = ""27/A28-33/13/A47-51/88/A140-152/15/A168-179/32/A212-221/16/0 B15-21""]",2280.1874947547913 Seconds,T4 GPU,456.03749895095825 Seconds (inferred),acfc5ae7-4a5f-41e0-bfa0-1bc6e3b47916,rfdiffusion_tev_comp_acfc5ae7-4a5f-41e0-bfa0-1bc6e3b47916.pdb
297e9b14-cb4d-455b-8df1-51cbfc050433,10,2024-06-21 10:12:29.607959,RFdiffusion_150it,backbone_pdb_generation,"tev (complex) scaffolding [contigs = ""27/A28-33/13/A47-51/88/A140-152/15/A168-179/32/A212-221/16/0 B15-21""]",2282.0409836769104 Seconds,T4 GPU,456.4081967353821 Seconds (inferred),0b04c583-92ae-48e4-bafd-fd999889d4d6,rfdiffusion_tev_comp_0b04c583-92ae-48e4-bafd-fd999889d4d6.pdb
297e9b14-cb4d-455b-8df1-51cbfc050433,10,2024-06-21 10:12:29.607959,RFdiffusion_150it,backbone_pdb_generation,"tev (complex) scaffolding [contigs = ""27/A28-33/13/A47-51/88/A140-152/15/A168-179/32/A212-221/16/0 B15-21""]",2282.0409836769104 Seconds,T4 GPU,456.4081967353821 Seconds (inferred),54da103d-dead-4963-9761-a56c5b631dfd,rfdiffusion_tev_comp_54da103d-dead-4963-9761-a56c5b631dfd.pdb
297e9b14-cb4d-455b-8df1-51cbfc050433,10,2024-06-21 10:12:29.607959,RFdiffusion_150it,backbone_pdb_generation,"tev (complex) scaffolding [contigs = ""27/A28-33/13/A47-51/88/A140-152/15/A168-179/32/A212-221/16/0 B15-21""]",2282.0409836769104 Seconds,T4 GPU,456.4081967353821 Seconds (inferred),480435e7-4aa5-40f9-a6fc-ca09df221135,rfdiffusion_tev_comp_480435e7-4aa5-40f9-a6fc-ca09df221135.pdb
297e9b14-cb4d-455b-8df1-51cbfc050433,10,2024-06-21 10:12:29.607959,RFdiffusion_150it,backbone_pdb_generation,"tev (complex) scaffolding [contigs = ""27/A28-33/13/A47-51/88/A140-152/15/A168-179/32/A212-221/16/0 B15-21""]",2282.0409836769104 Seconds,T4 GPU,456.4081967353821 Seconds (inferred),9cd150ee-e397-45da-9d55-e5904d4853a3,rfdiffusion_tev_comp_9cd150ee-e397-45da-9d55-e5904d4853a3.pdb
297e9b14-cb4d-455b-8df1-51cbfc050433,10,2024-06-21 10:12:29.607959,RFdiffusion_150it,backbone_pdb_generation,"tev (complex) scaffolding [contigs = ""27/A28-33/13/A47-51/88/A140-152/15/A168-179/32/A212-221/16/0 B15-21""]",2282.0409836769104 Seconds,T4 GPU,456.4081967353821 Seconds (inferred),ba96de76-864e-49b4-a512-2fa5078b9513,rfdiffusion_tev_comp_ba96de76-864e-49b4-a512-2fa5078b9513.pdb
a2c781dd-ea5f-4476-9442-aca5c7e91304,10,2024-06-21 10:50:32.603010,RFdiffusion_150it,backbone_pdb_generation,"tev (complex) scaffolding [contigs = ""27/A28-33/13/A47-51/88/A140-152/15/A168-179/32/A212-221/16/0 B15-21""]",2284.7233562469482 Seconds,T4 GPU,456.94467124938967 Seconds (inferred),cc138024-a7e8-4809-ad26-d741fbccaee2,rfdiffusion_tev_comp_cc138024-a7e8-4809-ad26-d741fbccaee2.pdb
a2c781dd-ea5f-4476-9442-aca5c7e91304,10,2024-06-21 10:50:32.603010,RFdiffusion_150it,backbone_pdb_generation,"tev (complex) scaffolding [contigs = ""27/A28-33/13/A47-51/88/A140-152/15/A168-179/32/A212-221/16/0 B15-21""]",2284.7233562469482 Seconds,T4 GPU,456.94467124938967 Seconds (inferred),d490f898-d149-4481-97f8-9be24262ad18,rfdiffusion_tev_comp_d490f898-d149-4481-97f8-9be24262ad18.pdb
a2c781dd-ea5f-4476-9442-aca5c7e91304,10,2024-06-21 10:50:32.603010,RFdiffusion_150it,backbone_pdb_generation,"tev (complex) scaffolding [contigs = ""27/A28-33/13/A47-51/88/A140-152/15/A168-179/32/A212-221/16/0 B15-21""]",2284.7233562469482 Seconds,T4 GPU,456.94467124938967 Seconds (inferred),15108dbf-5d08-4f98-97e3-5effe388158a,rfdiffusion_tev_comp_15108dbf-5d08-4f98-97e3-5effe388158a.pdb
a2c781dd-ea5f-4476-9442-aca5c7e91304,10,2024-06-21 10:50:32.603010,RFdiffusion_150it,backbone_pdb_generation,"tev (complex) scaffolding [contigs = ""27/A28-33/13/A47-51/88/A140-152/15/A168-179/32/A212-221/16/0 B15-21""]",2284.7233562469482 Seconds,T4 GPU,456.94467124938967 Seconds (inferred),1f766e8b-63e6-48a7-b792-d151bf6aaef1,rfdiffusion_tev_comp_1f766e8b-63e6-48a7-b792-d151bf6aaef1.pdb
a2c781dd-ea5f-4476-9442-aca5c7e91304,10,2024-06-21 10:50:32.603010,RFdiffusion_150it,backbone_pdb_generation,"tev (complex) scaffolding [contigs = ""27/A28-33/13/A47-51/88/A140-152/15/A168-179/32/A212-221/16/0 B15-21""]",2284.7233562469482 Seconds,T4 GPU,456.94467124938967 Seconds (inferred),57b31546-c025-4aec-b370-9ef1dba74fcf,rfdiffusion_tev_comp_57b31546-c025-4aec-b370-9ef1dba74fcf.pdb
83acd0a9-9692-4890-87e5-ca113d5bdc5f,10,2024-06-21 11:28:38.082600,RFdiffusion_150it,backbone_pdb_generation,"tev (complex) scaffolding [contigs = ""27/A28-33/13/A47-51/88/A140-152/15/A168-179/32/A212-221/16/0 B15-21""]",2288.47852230072 Seconds,T4 GPU,457.69570446014404 Seconds (inferred),4b0402dc-1f23-4e63-af89-1bfe6cccdfde,rfdiffusion_tev_comp_4b0402dc-1f23-4e63-af89-1bfe6cccdfde.pdb
83acd0a9-9692-4890-87e5-ca113d5bdc5f,10,2024-06-21 11:28:38.082600,RFdiffusion_150it,backbone_pdb_generation,"tev (complex) scaffolding [contigs = ""27/A28-33/13/A47-51/88/A140-152/15/A168-179/32/A212-221/16/0 B15-21""]",2288.47852230072 Seconds,T4 GPU,457.69570446014404 Seconds (inferred),ae62fd09-847e-46ce-bb8a-20202ed44b72,rfdiffusion_tev_comp_ae62fd09-847e-46ce-bb8a-20202ed44b72.pdb
83acd0a9-9692-4890-87e5-ca113d5bdc5f,10,2024-06-21 11:28:38.082600,RFdiffusion_150it,backbone_pdb_generation,"tev (complex) scaffolding [contigs = ""27/A28-33/13/A47-51/88/A140-152/15/A168-179/32/A212-221/16/0 B15-21""]",2288.47852230072 Seconds,T4 GPU,457.69570446014404 Seconds (inferred),62cdd9c6-839d-49ec-88e3-a8cd4dcaa2cb,rfdiffusion_tev_comp_62cdd9c6-839d-49ec-88e3-a8cd4dcaa2cb.pdb
83acd0a9-9692-4890-87e5-ca113d5bdc5f,10,2024-06-21 11:28:38.082600,RFdiffusion_150it,backbone_pdb_generation,"tev (complex) scaffolding [contigs = ""27/A28-33/13/A47-51/88/A140-152/15/A168-179/32/A212-221/16/0 B15-21""]",2288.47852230072 Seconds,T4 GPU,457.69570446014404 Seconds (inferred),c30d7885-a061-45d7-a613-4596102b9002,rfdiffusion_tev_comp_c30d7885-a061-45d7-a613-4596102b9002.pdb
83acd0a9-9692-4890-87e5-ca113d5bdc5f,10,2024-06-21 11:28:38.082600,RFdiffusion_150it,backbone_pdb_generation,"tev (complex) scaffolding [contigs = ""27/A28-33/13/A47-51/88/A140-152/15/A168-179/32/A212-221/16/0 B15-21""]",2288.47852230072 Seconds,T4 GPU,457.69570446014404 Seconds (inferred),575d234f-b8a9-437a-87ad-1ee68520197e,rfdiffusion_tev_comp_575d234f-b8a9-437a-87ad-1ee68520197e.pdb
e5bf2213-eadd-4e21-8461-c6fd540b4639,10,2024-06-21 12:06:47.318295,RFdiffusion_150it,backbone_pdb_generation,"tev (complex) scaffolding [contigs = ""27/A28-33/13/A47-51/88/A140-152/15/A168-179/32/A212-221/16/0 B15-21""]",2296.421504497528 Seconds,T4 GPU,459.28430089950564 Seconds (inferred),3e3dc4d6-218c-4494-a123-f2dda7a0cacf,rfdiffusion_tev_comp_3e3dc4d6-218c-4494-a123-f2dda7a0cacf.pdb
e5bf2213-eadd-4e21-8461-c6fd540b4639,10,2024-06-21 12:06:47.318295,RFdiffusion_150it,backbone_pdb_generation,"tev (complex) scaffolding [contigs = ""27/A28-33/13/A47-51/88/A140-152/15/A168-179/32/A212-221/16/0 B15-21""]",2296.421504497528 Seconds,T4 GPU,459.28430089950564 Seconds (inferred),b98ff950-40b5-4055-940f-cb123f60ee8f,rfdiffusion_tev_comp_b98ff950-40b5-4055-940f-cb123f60ee8f.pdb
e5bf2213-eadd-4e21-8461-c6fd540b4639,10,2024-06-21 12:06:47.318295,RFdiffusion_150it,backbone_pdb_generation,"tev (complex) scaffolding [contigs = ""27/A28-33/13/A47-51/88/A140-152/15/A168-179/32/A212-221/16/0 B15-21""]",2296.421504497528 Seconds,T4 GPU,459.28430089950564 Seconds (inferred),a1e5d3ad-b430-4f17-97b5-b5bf79ce4049,rfdiffusion_tev_comp_a1e5d3ad-b430-4f17-97b5-b5bf79ce4049.pdb
e5bf2213-eadd-4e21-8461-c6fd540b4639,10,2024-06-21 12:06:47.318295,RFdiffusion_150it,backbone_pdb_generation,"tev (complex) scaffolding [contigs = ""27/A28-33/13/A47-51/88/A140-152/15/A168-179/32/A212-221/16/0 B15-21""]",2296.421504497528 Seconds,T4 GPU,459.28430089950564 Seconds (inferred),20c74b85-f43c-412b-afcc-ec86c3dc9241,rfdiffusion_tev_comp_20c74b85-f43c-412b-afcc-ec86c3dc9241.pdb
e5bf2213-eadd-4e21-8461-c6fd540b4639,10,2024-06-21 12:06:47.318295,RFdiffusion_150it,backbone_pdb_generation,"tev (complex) scaffolding [contigs = ""27/A28-33/13/A47-51/88/A140-152/15/A168-179/32/A212-221/16/0 B15-21""]",2296.421504497528 Seconds,T4 GPU,459.28430089950564 Seconds (inferred),23ccd263-5031-4f28-aa2b-aaf2b7f27c7d,rfdiffusion_tev_comp_23ccd263-5031-4f28-aa2b-aaf2b7f27c7d.pdb
4d262dcd-8fdb-41ef-ab3a-08ca9d57bc99,10,2024-06-21 12:45:04.798919,RFdiffusion_150it,backbone_pdb_generation,"tev (complex) scaffolding [contigs = ""27/A28-33/13/A47-51/88/A140-152/15/A168-179/32/A212-221/16/0 B15-21""]",2282.9349439144135 Seconds,T4 GPU,456.5869887828827 Seconds (inferred),9d855008-8fcb-4141-a9a3-125875a5e970,rfdiffusion_tev_comp_9d855008-8fcb-4141-a9a3-125875a5e970.pdb
4d262dcd-8fdb-41ef-ab3a-08ca9d57bc99,10,2024-06-21 12:45:04.798919,RFdiffusion_150it,backbone_pdb_generation,"tev (complex) scaffolding [contigs = ""27/A28-33/13/A47-51/88/A140-152/15/A168-179/32/A212-221/16/0 B15-21""]",2282.9349439144135 Seconds,T4 GPU,456.5869887828827 Seconds (inferred),40a9d098-6425-447a-9ae9-4ba22e5890da,rfdiffusion_tev_comp_40a9d098-6425-447a-9ae9-4ba22e5890da.pdb
4d262dcd-8fdb-41ef-ab3a-08ca9d57bc99,10,2024-06-21 12:45:04.798919,RFdiffusion_150it,backbone_pdb_generation,"tev (complex) scaffolding [contigs = ""27/A28-33/13/A47-51/88/A140-152/15/A168-179/32/A212-221/16/0 B15-21""]",2282.9349439144135 Seconds,T4 GPU,456.5869887828827 Seconds (inferred),9446ad57-1284-4d97-a099-0b74c3511503,rfdiffusion_tev_comp_9446ad57-1284-4d97-a099-0b74c3511503.pdb
4d262dcd-8fdb-41ef-ab3a-08ca9d57bc99,10,2024-06-21 12:45:04.798919,RFdiffusion_150it,backbone_pdb_generation,"tev (complex) scaffolding [contigs = ""27/A28-33/13/A47-51/88/A140-152/15/A168-179/32/A212-221/16/0 B15-21""]",2282.9349439144135 Seconds,T4 GPU,456.5869887828827 Seconds (inferred),7ad71fdc-84f6-438b-996b-7e0ec4576b00,rfdiffusion_tev_comp_7ad71fdc-84f6-438b-996b-7e0ec4576b00.pdb
4d262dcd-8fdb-41ef-ab3a-08ca9d57bc99,10,2024-06-21 12:45:04.798919,RFdiffusion_150it,backbone_pdb_generation,"tev (complex) scaffolding [contigs = ""27/A28-33/13/A47-51/88/A140-152/15/A168-179/32/A212-221/16/0 B15-21""]",2282.9349439144135 Seconds,T4 GPU,456.5869887828827 Seconds (inferred),ee164968-42d2-4069-978a-1129d40ba597,rfdiffusion_tev_comp_ee164968-42d2-4069-978a-1129d40ba597.pdb
910c7f84-b456-470e-8273-efd7d3d95c55,10,2024-06-21 13:23:10.007609,RFdiffusion_150it,backbone_pdb_generation,"tev (monomer) scaffolding [contigs = ""27/A28-33/13/A47-51/88/A140-152/15/A168-179/32/A212-221/16""]",2156.138274669647 Seconds,T4 GPU,431.22765493392944 Seconds (inferred),3480db07-3331-41cd-9a05-fa3560bce302,rfdiffusion_tev_mono_3480db07-3331-41cd-9a05-fa3560bce302.pdb
910c7f84-b456-470e-8273-efd7d3d95c55,10,2024-06-21 13:23:10.007609,RFdiffusion_150it,backbone_pdb_generation,"tev (monomer) scaffolding [contigs = ""27/A28-33/13/A47-51/88/A140-152/15/A168-179/32/A212-221/16""]",2156.138274669647 Seconds,T4 GPU,431.22765493392944 Seconds (inferred),cd0aed39-82f9-433b-aa12-2063314c7ec6,rfdiffusion_tev_mono_cd0aed39-82f9-433b-aa12-2063314c7ec6.pdb
910c7f84-b456-470e-8273-efd7d3d95c55,10,2024-06-21 13:23:10.007609,RFdiffusion_150it,backbone_pdb_generation,"tev (monomer) scaffolding [contigs = ""27/A28-33/13/A47-51/88/A140-152/15/A168-179/32/A212-221/16""]",2156.138274669647 Seconds,T4 GPU,431.22765493392944 Seconds (inferred),9df838f1-b0cb-4a03-a38a-8dea99cb1252,rfdiffusion_tev_mono_9df838f1-b0cb-4a03-a38a-8dea99cb1252.pdb
910c7f84-b456-470e-8273-efd7d3d95c55,10,2024-06-21 13:23:10.007609,RFdiffusion_150it,backbone_pdb_generation,"tev (monomer) scaffolding [contigs = ""27/A28-33/13/A47-51/88/A140-152/15/A168-179/32/A212-221/16""]",2156.138274669647 Seconds,T4 GPU,431.22765493392944 Seconds (inferred),3f4ace76-46c0-47ed-9e2e-0f7b3274bb8f,rfdiffusion_tev_mono_3f4ace76-46c0-47ed-9e2e-0f7b3274bb8f.pdb
910c7f84-b456-470e-8273-efd7d3d95c55,10,2024-06-21 13:23:10.007609,RFdiffusion_150it,backbone_pdb_generation,"tev (monomer) scaffolding [contigs = ""27/A28-33/13/A47-51/88/A140-152/15/A168-179/32/A212-221/16""]",2156.138274669647 Seconds,T4 GPU,431.22765493392944 Seconds (inferred),98840140-2ad7-48c3-9678-71dfa1e399e9,rfdiffusion_tev_mono_98840140-2ad7-48c3-9678-71dfa1e399e9.pdb
023f26b4-a9e0-47de-a35c-33bc3c6f918f,10,2024-06-21 13:59:07.202570,RFdiffusion_150it,backbone_pdb_generation,"tev (monomer) scaffolding [contigs = ""27/A28-33/13/A47-51/88/A140-152/15/A168-179/32/A212-221/16""]",2158.3456943035126 Seconds,T4 GPU,431.6691388607025 Seconds (inferred),2f750f47-71ba-4525-9dfd-48ee14962f10,rfdiffusion_tev_mono_2f750f47-71ba-4525-9dfd-48ee14962f10.pdb
023f26b4-a9e0-47de-a35c-33bc3c6f918f,10,2024-06-21 13:59:07.202570,RFdiffusion_150it,backbone_pdb_generation,"tev (monomer) scaffolding [contigs = ""27/A28-33/13/A47-51/88/A140-152/15/A168-179/32/A212-221/16""]",2158.3456943035126 Seconds,T4 GPU,431.6691388607025 Seconds (inferred),120bffd2-fd96-4224-aa6e-4216e0ad50ce,rfdiffusion_tev_mono_120bffd2-fd96-4224-aa6e-4216e0ad50ce.pdb
023f26b4-a9e0-47de-a35c-33bc3c6f918f,10,2024-06-21 13:59:07.202570,RFdiffusion_150it,backbone_pdb_generation,"tev (monomer) scaffolding [contigs = ""27/A28-33/13/A47-51/88/A140-152/15/A168-179/32/A212-221/16""]",2158.3456943035126 Seconds,T4 GPU,431.6691388607025 Seconds (inferred),45c7c938-624d-4632-8a96-cfc5ea490aea,rfdiffusion_tev_mono_45c7c938-624d-4632-8a96-cfc5ea490aea.pdb
023f26b4-a9e0-47de-a35c-33bc3c6f918f,10,2024-06-21 13:59:07.202570,RFdiffusion_150it,backbone_pdb_generation,"tev (monomer) scaffolding [contigs = ""27/A28-33/13/A47-51/88/A140-152/15/A168-179/32/A212-221/16""]",2158.3456943035126 Seconds,T4 GPU,431.6691388607025 Seconds (inferred),dd25e3ea-a067-4edf-ac13-dfd0b0bf996d,rfdiffusion_tev_mono_dd25e3ea-a067-4edf-ac13-dfd0b0bf996d.pdb
023f26b4-a9e0-47de-a35c-33bc3c6f918f,10,2024-06-21 13:59:07.202570,RFdiffusion_150it,backbone_pdb_generation,"tev (monomer) scaffolding [contigs = ""27/A28-33/13/A47-51/88/A140-152/15/A168-179/32/A212-221/16""]",2158.3456943035126 Seconds,T4 GPU,431.6691388607025 Seconds (inferred),25d2e9cf-28f7-47b0-8b42-6910aa81b3ac,rfdiffusion_tev_mono_25d2e9cf-28f7-47b0-8b42-6910aa81b3ac.pdb
f15896db-edce-4423-9ad0-e8b08221c741,10,2024-06-21 14:35:06.606632,RFdiffusion_150it,backbone_pdb_generation,"tev (monomer) scaffolding [contigs = ""27/A28-33/13/A47-51/88/A140-152/15/A168-179/32/A212-221/16""]",2157.4287259578705 Seconds,T4 GPU,431.4857451915741 Seconds (inferred),c881e683-84b8-4871-8084-9bab2f0b88d7,rfdiffusion_tev_mono_c881e683-84b8-4871-8084-9bab2f0b88d7.pdb
f15896db-edce-4423-9ad0-e8b08221c741,10,2024-06-21 14:35:06.606632,RFdiffusion_150it,backbone_pdb_generation,"tev (monomer) scaffolding [contigs = ""27/A28-33/13/A47-51/88/A140-152/15/A168-179/32/A212-221/16""]",2157.4287259578705 Seconds,T4 GPU,431.4857451915741 Seconds (inferred),0e35907d-bd98-4ffc-aec5-ec9029fd61b2,rfdiffusion_tev_mono_0e35907d-bd98-4ffc-aec5-ec9029fd61b2.pdb
f15896db-edce-4423-9ad0-e8b08221c741,10,2024-06-21 14:35:06.606632,RFdiffusion_150it,backbone_pdb_generation,"tev (monomer) scaffolding [contigs = ""27/A28-33/13/A47-51/88/A140-152/15/A168-179/32/A212-221/16""]",2157.4287259578705 Seconds,T4 GPU,431.4857451915741 Seconds (inferred),d086e916-b3dd-4b50-9b02-02397b11f16c,rfdiffusion_tev_mono_d086e916-b3dd-4b50-9b02-02397b11f16c.pdb
f15896db-edce-4423-9ad0-e8b08221c741,10,2024-06-21 14:35:06.606632,RFdiffusion_150it,backbone_pdb_generation,"tev (monomer) scaffolding [contigs = ""27/A28-33/13/A47-51/88/A140-152/15/A168-179/32/A212-221/16""]",2157.4287259578705 Seconds,T4 GPU,431.4857451915741 Seconds (inferred),05386faf-f562-4c3a-8e85-412f02673fa5,rfdiffusion_tev_mono_05386faf-f562-4c3a-8e85-412f02673fa5.pdb
f15896db-edce-4423-9ad0-e8b08221c741,10,2024-06-21 14:35:06.606632,RFdiffusion_150it,backbone_pdb_generation,"tev (monomer) scaffolding [contigs = ""27/A28-33/13/A47-51/88/A140-152/15/A168-179/32/A212-221/16""]",2157.4287259578705 Seconds,T4 GPU,431.4857451915741 Seconds (inferred),f5d8b7ed-29c4-4ede-ad86-c18820d72218,rfdiffusion_tev_mono_f5d8b7ed-29c4-4ede-ad86-c18820d72218.pdb
7475b7bb-4403-40aa-8955-3ffbd1a6f240,10,2024-06-21 15:11:04.791051,RFdiffusion_150it,backbone_pdb_generation,"tev (monomer) scaffolding [contigs = ""27/A28-33/13/A47-51/88/A140-152/15/A168-179/32/A212-221/16""]",2154.7637972831726 Seconds,T4 GPU,430.9527594566345 Seconds (inferred),ef8703f2-fd2f-4510-a266-3bc67bb9687f,rfdiffusion_tev_mono_ef8703f2-fd2f-4510-a266-3bc67bb9687f.pdb
7475b7bb-4403-40aa-8955-3ffbd1a6f240,10,2024-06-21 15:11:04.791051,RFdiffusion_150it,backbone_pdb_generation,"tev (monomer) scaffolding [contigs = ""27/A28-33/13/A47-51/88/A140-152/15/A168-179/32/A212-221/16""]",2154.7637972831726 Seconds,T4 GPU,430.9527594566345 Seconds (inferred),f5026003-c6b3-4023-9229-d52c4593fa80,rfdiffusion_tev_mono_f5026003-c6b3-4023-9229-d52c4593fa80.pdb
7475b7bb-4403-40aa-8955-3ffbd1a6f240,10,2024-06-21 15:11:04.791051,RFdiffusion_150it,backbone_pdb_generation,"tev (monomer) scaffolding [contigs = ""27/A28-33/13/A47-51/88/A140-152/15/A168-179/32/A212-221/16""]",2154.7637972831726 Seconds,T4 GPU,430.9527594566345 Seconds (inferred),4ab1a471-0b2d-4104-959b-cc9af293e3cb,rfdiffusion_tev_mono_4ab1a471-0b2d-4104-959b-cc9af293e3cb.pdb
7475b7bb-4403-40aa-8955-3ffbd1a6f240,10,2024-06-21 15:11:04.791051,RFdiffusion_150it,backbone_pdb_generation,"tev (monomer) scaffolding [contigs = ""27/A28-33/13/A47-51/88/A140-152/15/A168-179/32/A212-221/16""]",2154.7637972831726 Seconds,T4 GPU,430.9527594566345 Seconds (inferred),a6f093c5-80e1-4f56-8077-6375c1451123,rfdiffusion_tev_mono_a6f093c5-80e1-4f56-8077-6375c1451123.pdb
7475b7bb-4403-40aa-8955-3ffbd1a6f240,10,2024-06-21 15:11:04.791051,RFdiffusion_150it,backbone_pdb_generation,"tev (monomer) scaffolding [contigs = ""27/A28-33/13/A47-51/88/A140-152/15/A168-179/32/A212-221/16""]",2154.7637972831726 Seconds,T4 GPU,430.9527594566345 Seconds (inferred),bc81903a-db11-4662-aec3-a543fe199477,rfdiffusion_tev_mono_bc81903a-db11-4662-aec3-a543fe199477.pdb
0a52e04f-19c6-4092-91e8-ffd39fe279cd,10,2024-06-21 15:47:00.413710,RFdiffusion_150it,backbone_pdb_generation,"tev (monomer) scaffolding [contigs = ""27/A28-33/13/A47-51/88/A140-152/15/A168-179/32/A212-221/16""]",2148.626543045044 Seconds,T4 GPU,429.7253086090088 Seconds (inferred),c4246984-7c22-4354-bc4b-dd9da16ce4e7,rfdiffusion_tev_mono_c4246984-7c22-4354-bc4b-dd9da16ce4e7.pdb
0a52e04f-19c6-4092-91e8-ffd39fe279cd,10,2024-06-21 15:47:00.413710,RFdiffusion_150it,backbone_pdb_generation,"tev (monomer) scaffolding [contigs = ""27/A28-33/13/A47-51/88/A140-152/15/A168-179/32/A212-221/16""]",2148.626543045044 Seconds,T4 GPU,429.7253086090088 Seconds (inferred),bdf11fb9-045c-46fa-b3bc-016c914aee8e,rfdiffusion_tev_mono_bdf11fb9-045c-46fa-b3bc-016c914aee8e.pdb
0a52e04f-19c6-4092-91e8-ffd39fe279cd,10,2024-06-21 15:47:00.413710,RFdiffusion_150it,backbone_pdb_generation,"tev (monomer) scaffolding [contigs = ""27/A28-33/13/A47-51/88/A140-152/15/A168-179/32/A212-221/16""]",2148.626543045044 Seconds,T4 GPU,429.7253086090088 Seconds (inferred),acb93e3f-a997-4239-8f75-cc30ae1cf7e7,rfdiffusion_tev_mono_acb93e3f-a997-4239-8f75-cc30ae1cf7e7.pdb
0a52e04f-19c6-4092-91e8-ffd39fe279cd,10,2024-06-21 15:47:00.413710,RFdiffusion_150it,backbone_pdb_generation,"tev (monomer) scaffolding [contigs = ""27/A28-33/13/A47-51/88/A140-152/15/A168-179/32/A212-221/16""]",2148.626543045044 Seconds,T4 GPU,429.7253086090088 Seconds (inferred),a5e829b6-bd93-4724-beae-8f6b878664cf,rfdiffusion_tev_mono_a5e829b6-bd93-4724-beae-8f6b878664cf.pdb
0a52e04f-19c6-4092-91e8-ffd39fe279cd,10,2024-06-21 15:47:00.413710,RFdiffusion_150it,backbone_pdb_generation,"tev (monomer) scaffolding [contigs = ""27/A28-33/13/A47-51/88/A140-152/15/A168-179/32/A212-221/16""]",2148.626543045044 Seconds,T4 GPU,429.7253086090088 Seconds (inferred),e78db42e-d8c2-42d7-85b3-a57eef229667,rfdiffusion_tev_mono_e78db42e-d8c2-42d7-85b3-a57eef229667.pdb
b7af8adc-1878-4edf-968a-cd47b6075f0e,10,2024-06-21 16:22:49.801236,RFdiffusion_150it,backbone_pdb_generation,"tev (monomer) scaffolding [contigs = ""27/A28-33/13/A47-51/88/A140-152/15/A168-179/32/A212-221/16""]",2147.0805962085724 Seconds,T4 GPU,429.41611924171445 Seconds (inferred),9971f9ac-c1bd-4552-9a10-d513d9e692bb,rfdiffusion_tev_mono_9971f9ac-c1bd-4552-9a10-d513d9e692bb.pdb
b7af8adc-1878-4edf-968a-cd47b6075f0e,10,2024-06-21 16:22:49.801236,RFdiffusion_150it,backbone_pdb_generation,"tev (monomer) scaffolding [contigs = ""27/A28-33/13/A47-51/88/A140-152/15/A168-179/32/A212-221/16""]",2147.0805962085724 Seconds,T4 GPU,429.41611924171445 Seconds (inferred),0c17b25f-2efc-4b9b-a24d-cc4658821e10,rfdiffusion_tev_mono_0c17b25f-2efc-4b9b-a24d-cc4658821e10.pdb
b7af8adc-1878-4edf-968a-cd47b6075f0e,10,2024-06-21 16:22:49.801236,RFdiffusion_150it,backbone_pdb_generation,"tev (monomer) scaffolding [contigs = ""27/A28-33/13/A47-51/88/A140-152/15/A168-179/32/A212-221/16""]",2147.0805962085724 Seconds,T4 GPU,429.41611924171445 Seconds (inferred),b244eb16-0fbd-47e2-84ed-a4e807ae30b4,rfdiffusion_tev_mono_b244eb16-0fbd-47e2-84ed-a4e807ae30b4.pdb
b7af8adc-1878-4edf-968a-cd47b6075f0e,10,2024-06-21 16:22:49.801236,RFdiffusion_150it,backbone_pdb_generation,"tev (monomer) scaffolding [contigs = ""27/A28-33/13/A47-51/88/A140-152/15/A168-179/32/A212-221/16""]",2147.0805962085724 Seconds,T4 GPU,429.41611924171445 Seconds (inferred),00552092-049b-4ebe-bf72-5b9ba7030f89,rfdiffusion_tev_mono_00552092-049b-4ebe-bf72-5b9ba7030f89.pdb
b7af8adc-1878-4edf-968a-cd47b6075f0e,10,2024-06-21 16:22:49.801236,RFdiffusion_150it,backbone_pdb_generation,"tev (monomer) scaffolding [contigs = ""27/A28-33/13/A47-51/88/A140-152/15/A168-179/32/A212-221/16""]",2147.0805962085724 Seconds,T4 GPU,429.41611924171445 Seconds (inferred),d1852dbb-e568-49c4-84a3-88f5259b2b33,rfdiffusion_tev_mono_d1852dbb-e568-49c4-84a3-88f5259b2b33.pdb
43e589da-7c66-4ce3-9574-164e470aa6ac,10,2024-06-21 16:58:37.746199,RFdiffusion_150it,backbone_pdb_generation,"tev (monomer) scaffolding [contigs = ""27/A28-33/13/A47-51/88/A140-152/15/A168-179/32/A212-221/16""]",2162.226105928421 Seconds,T4 GPU,432.4452211856842 Seconds (inferred),81018dcc-6385-45d7-8a94-73ba6434862c,rfdiffusion_tev_mono_81018dcc-6385-45d7-8a94-73ba6434862c.pdb
43e589da-7c66-4ce3-9574-164e470aa6ac,10,2024-06-21 16:58:37.746199,RFdiffusion_150it,backbone_pdb_generation,"tev (monomer) scaffolding [contigs = ""27/A28-33/13/A47-51/88/A140-152/15/A168-179/32/A212-221/16""]",2162.226105928421 Seconds,T4 GPU,432.4452211856842 Seconds (inferred),f233424a-8101-403a-827e-a3c9fc995152,rfdiffusion_tev_mono_f233424a-8101-403a-827e-a3c9fc995152.pdb
43e589da-7c66-4ce3-9574-164e470aa6ac,10,2024-06-21 16:58:37.746199,RFdiffusion_150it,backbone_pdb_generation,"tev (monomer) scaffolding [contigs = ""27/A28-33/13/A47-51/88/A140-152/15/A168-179/32/A212-221/16""]",2162.226105928421 Seconds,T4 GPU,432.4452211856842 Seconds (inferred),ce2fd36e-7c2b-4dff-972b-43492415d141,rfdiffusion_tev_mono_ce2fd36e-7c2b-4dff-972b-43492415d141.pdb
43e589da-7c66-4ce3-9574-164e470aa6ac,10,2024-06-21 16:58:37.746199,RFdiffusion_150it,backbone_pdb_generation,"tev (monomer) scaffolding [contigs = ""27/A28-33/13/A47-51/88/A140-152/15/A168-179/32/A212-221/16""]",2162.226105928421 Seconds,T4 GPU,432.4452211856842 Seconds (inferred),350d9d22-9419-414c-8318-595134aceda7,rfdiffusion_tev_mono_350d9d22-9419-414c-8318-595134aceda7.pdb
43e589da-7c66-4ce3-9574-164e470aa6ac,10,2024-06-21 16:58:37.746199,RFdiffusion_150it,backbone_pdb_generation,"tev (monomer) scaffolding [contigs = ""27/A28-33/13/A47-51/88/A140-152/15/A168-179/32/A212-221/16""]",2162.226105928421 Seconds,T4 GPU,432.4452211856842 Seconds (inferred),ef99e61e-2961-460a-9a3f-98fef8773b73,rfdiffusion_tev_mono_ef99e61e-2961-460a-9a3f-98fef8773b73.pdb
f248372d-6d22-4222-9a35-9cea12b57287,10,2024-06-21 17:34:40.727195,RFdiffusion_150it,backbone_pdb_generation,"tev (monomer) scaffolding [contigs = ""27/A28-33/13/A47-51/88/A140-152/15/A168-179/32/A212-221/16""]",2152.1618185043335 Seconds,T4 GPU,430.4323637008667 Seconds (inferred),b8e5271f-9496-4e5a-9e6b-3efb1d3cf6f2,rfdiffusion_tev_mono_b8e5271f-9496-4e5a-9e6b-3efb1d3cf6f2.pdb
f248372d-6d22-4222-9a35-9cea12b57287,10,2024-06-21 17:34:40.727195,RFdiffusion_150it,backbone_pdb_generation,"tev (monomer) scaffolding [contigs = ""27/A28-33/13/A47-51/88/A140-152/15/A168-179/32/A212-221/16""]",2152.1618185043335 Seconds,T4 GPU,430.4323637008667 Seconds (inferred),0e611739-fefd-4d28-8cf6-a8fb84a78037,rfdiffusion_tev_mono_0e611739-fefd-4d28-8cf6-a8fb84a78037.pdb
f248372d-6d22-4222-9a35-9cea12b57287,10,2024-06-21 17:34:40.727195,RFdiffusion_150it,backbone_pdb_generation,"tev (monomer) scaffolding [contigs = ""27/A28-33/13/A47-51/88/A140-152/15/A168-179/32/A212-221/16""]",2152.1618185043335 Seconds,T4 GPU,430.4323637008667 Seconds (inferred),a2509349-0e0a-4e95-9f7a-f85acfc4fe1c,rfdiffusion_tev_mono_a2509349-0e0a-4e95-9f7a-f85acfc4fe1c.pdb
f248372d-6d22-4222-9a35-9cea12b57287,10,2024-06-21 17:34:40.727195,RFdiffusion_150it,backbone_pdb_generation,"tev (monomer) scaffolding [contigs = ""27/A28-33/13/A47-51/88/A140-152/15/A168-179/32/A212-221/16""]",2152.1618185043335 Seconds,T4 GPU,430.4323637008667 Seconds (inferred),54c8fa44-a588-4cb2-a158-05ae85f9dd76,rfdiffusion_tev_mono_54c8fa44-a588-4cb2-a158-05ae85f9dd76.pdb
f248372d-6d22-4222-9a35-9cea12b57287,10,2024-06-21 17:34:40.727195,RFdiffusion_150it,backbone_pdb_generation,"tev (monomer) scaffolding [contigs = ""27/A28-33/13/A47-51/88/A140-152/15/A168-179/32/A212-221/16""]",2152.1618185043335 Seconds,T4 GPU,430.4323637008667 Seconds (inferred),784463ae-b9eb-4bcf-8156-686e9c3ebf32,rfdiffusion_tev_mono_784463ae-b9eb-4bcf-8156-686e9c3ebf32.pdb
67ae6828-fc7d-4777-8e9a-b6598ed433c2,10,2024-06-21 18:10:33.648912,RFdiffusion_150it,backbone_pdb_generation,"tev (monomer) scaffolding [contigs = ""27/A28-33/13/A47-51/88/A140-152/15/A168-179/32/A212-221/16""]",2153.543698787689 Seconds,T4 GPU,430.70873975753784 Seconds (inferred),9427b063-be2e-4e19-b6d8-0bb4d4d78796,rfdiffusion_tev_mono_9427b063-be2e-4e19-b6d8-0bb4d4d78796.pdb
67ae6828-fc7d-4777-8e9a-b6598ed433c2,10,2024-06-21 18:10:33.648912,RFdiffusion_150it,backbone_pdb_generation,"tev (monomer) scaffolding [contigs = ""27/A28-33/13/A47-51/88/A140-152/15/A168-179/32/A212-221/16""]",2153.543698787689 Seconds,T4 GPU,430.70873975753784 Seconds (inferred),99cb990a-9ac5-4b59-b215-8522f64c7be4,rfdiffusion_tev_mono_99cb990a-9ac5-4b59-b215-8522f64c7be4.pdb
67ae6828-fc7d-4777-8e9a-b6598ed433c2,10,2024-06-21 18:10:33.648912,RFdiffusion_150it,backbone_pdb_generation,"tev (monomer) scaffolding [contigs = ""27/A28-33/13/A47-51/88/A140-152/15/A168-179/32/A212-221/16""]",2153.543698787689 Seconds,T4 GPU,430.70873975753784 Seconds (inferred),a651a2e7-3a33-4d16-8e09-ad8940f73d67,rfdiffusion_tev_mono_a651a2e7-3a33-4d16-8e09-ad8940f73d67.pdb
67ae6828-fc7d-4777-8e9a-b6598ed433c2,10,2024-06-21 18:10:33.648912,RFdiffusion_150it,backbone_pdb_generation,"tev (monomer) scaffolding [contigs = ""27/A28-33/13/A47-51/88/A140-152/15/A168-179/32/A212-221/16""]",2153.543698787689 Seconds,T4 GPU,430.70873975753784 Seconds (inferred),1a86d92f-fd0d-4ecf-988d-34309bac6cb8,rfdiffusion_tev_mono_1a86d92f-fd0d-4ecf-988d-34309bac6cb8.pdb
67ae6828-fc7d-4777-8e9a-b6598ed433c2,10,2024-06-21 18:10:33.648912,RFdiffusion_150it,backbone_pdb_generation,"tev (monomer) scaffolding [contigs = ""27/A28-33/13/A47-51/88/A140-152/15/A168-179/32/A212-221/16""]",2153.543698787689 Seconds,T4 GPU,430.70873975753784 Seconds (inferred),4ff18b32-1425-4d79-bb03-2a09ec74242e,rfdiffusion_tev_mono_4ff18b32-1425-4d79-bb03-2a09ec74242e.pdb
16757ac3-ab1e-4a8a-982a-05e6b727a258,10,2024-06-21 18:46:27.958482,RFdiffusion_150it,backbone_pdb_generation,"tev (monomer) scaffolding [contigs = ""27/A28-33/13/A47-51/88/A140-152/15/A168-179/32/A212-221/16""]",2146.6079428195953 Seconds,T4 GPU,429.3215885639191 Seconds (inferred),80b873d2-5b71-4a19-bef9-6cf8a59bd513,rfdiffusion_tev_mono_80b873d2-5b71-4a19-bef9-6cf8a59bd513.pdb
16757ac3-ab1e-4a8a-982a-05e6b727a258,10,2024-06-21 18:46:27.958482,RFdiffusion_150it,backbone_pdb_generation,"tev (monomer) scaffolding [contigs = ""27/A28-33/13/A47-51/88/A140-152/15/A168-179/32/A212-221/16""]",2146.6079428195953 Seconds,T4 GPU,429.3215885639191 Seconds (inferred),4f9c5216-de0b-4cec-abb0-fa4158a28c6d,rfdiffusion_tev_mono_4f9c5216-de0b-4cec-abb0-fa4158a28c6d.pdb
16757ac3-ab1e-4a8a-982a-05e6b727a258,10,2024-06-21 18:46:27.958482,RFdiffusion_150it,backbone_pdb_generation,"tev (monomer) scaffolding [contigs = ""27/A28-33/13/A47-51/88/A140-152/15/A168-179/32/A212-221/16""]",2146.6079428195953 Seconds,T4 GPU,429.3215885639191 Seconds (inferred),c25c7794-91e3-4741-8ad6-b5430a0d5021,rfdiffusion_tev_mono_c25c7794-91e3-4741-8ad6-b5430a0d5021.pdb
16757ac3-ab1e-4a8a-982a-05e6b727a258,10,2024-06-21 18:46:27.958482,RFdiffusion_150it,backbone_pdb_generation,"tev (monomer) scaffolding [contigs = ""27/A28-33/13/A47-51/88/A140-152/15/A168-179/32/A212-221/16""]",2146.6079428195953 Seconds,T4 GPU,429.3215885639191 Seconds (inferred),df133588-3ef7-4cf2-b2dc-3fc749fe84bd,rfdiffusion_tev_mono_df133588-3ef7-4cf2-b2dc-3fc749fe84bd.pdb
16757ac3-ab1e-4a8a-982a-05e6b727a258,10,2024-06-21 18:46:27.958482,RFdiffusion_150it,backbone_pdb_generation,"tev (monomer) scaffolding [contigs = ""27/A28-33/13/A47-51/88/A140-152/15/A168-179/32/A212-221/16""]",2146.6079428195953 Seconds,T4 GPU,429.3215885639191 Seconds (inferred),bd9797e3-e06d-4740-a659-978bd4e8b349,rfdiffusion_tev_mono_bd9797e3-e06d-4740-a659-978bd4e8b349.pdb
