batch_id,batch_size,Timestamp,model,task,conditions,gpu,output_file_name,wall_time_batch,wall_time_task,entity_id,generated_sequence
33d32f2f-6916-4fe4-a01b-d3ba9c78fe0f,10,2024-06-19 01:35:25.880382,evodiff_OA_DM_640M,sequence_generation,"tev (monomer) scaffolding [motif_seq = GHTTSL#############HLFRR########################################################################################FWKHWIQTKDGQC###############HSASNFTNTNNY################################WGGHKVFMVK, seq_len = 237, start = 27]",T4 GPU,,2498.329110622406 Seconds,249.8329110622406 Seconds (inferred),b19d0b47-4bd4-4741-a3d7-333058b06375,EKILKNLTRPVTERKSANRNSIRTDKPGHTTSLSFNVQTFTASVRMHLFRRVGVPWKPPAMLKPKTTKRCTATKSVNQKSPNPEVSQNRAGKPARSHHAATTHPKAVRQRKKEAKEKHPNGRVQHAHPLPPETFRTYDLFWKHWIQTKDGQCSIPQVTPVPPPRVYKHSASNFTNTNNYTHIIADTASYINPVMTCDKTLAIRGTSACTKNWGGHKVFMVKNGRLYQQILESIEKRH
33d32f2f-6916-4fe4-a01b-d3ba9c78fe0f,10,2024-06-19 01:35:25.880382,evodiff_OA_DM_640M,sequence_generation,"tev (monomer) scaffolding [motif_seq = GHTTSL#############HLFRR########################################################################################FWKHWIQTKDGQC###############HSASNFTNTNNY################################WGGHKVFMVK, seq_len = 237, start = 27]",T4 GPU,,2498.329110622406 Seconds,249.8329110622406 Seconds (inferred),69786323-615a-43bb-a03c-97dc7d222322,TNSSHLGPTSDGSAGTSSTSILPQSTPGHTTSLRATIWGFIQRLGVHLFRRQDHALFFATGFGSGLGENARALGSEAYSTINSWIPPSEPSASQLRARVTAPRRLWVEVFLPYANWTKELFAEPHKTQIQTADQSSEVDFWKHWIQTKDGQCGAAISALLFQARPEDHSASNFTNTNNYQENYMRLIDWVANFPPLDSSVLSRKVKVDDDKWGGHKVFMVKSRFGFVVGRGLRRSQK
33d32f2f-6916-4fe4-a01b-d3ba9c78fe0f,10,2024-06-19 01:35:25.880382,evodiff_OA_DM_640M,sequence_generation,"tev (monomer) scaffolding [motif_seq = GHTTSL#############HLFRR########################################################################################FWKHWIQTKDGQC###############HSASNFTNTNNY################################WGGHKVFMVK, seq_len = 237, start = 27]",T4 GPU,,2498.329110622406 Seconds,249.8329110622406 Seconds (inferred),2329206d-2faa-4732-8c58-2b3551e046a1,MKANADPTASFTEYLKFAEDLLRLLCPGHTTSLDFPFTPDVIASESHLFRRIDQKVDAAKRFDKGHIYPNTKVECGYDMYDAWGSLLSTLGLAKQAAYAIVDAEEFIDNSVRDDSFSTLATYIFKRSRLCEESINSWATFWKHWIQTKDGQCFVRINQGDFMAWTVNHSASNFTNTNNYAEKTVWEQWCYSVEKPCFREKCSFVRPGANCCWGGHKVFMVKTHIYENNTCFYCGLTH
33d32f2f-6916-4fe4-a01b-d3ba9c78fe0f,10,2024-06-19 01:35:25.880382,evodiff_OA_DM_640M,sequence_generation,"tev (monomer) scaffolding [motif_seq = GHTTSL#############HLFRR########################################################################################FWKHWIQTKDGQC###############HSASNFTNTNNY################################WGGHKVFMVK, seq_len = 237, start = 27]",T4 GPU,,2498.329110622406 Seconds,249.8329110622406 Seconds (inferred),c1f1aa0d-ef75-4f35-85d4-b978eca8a855,MFFTALTTLFLGLSVLFVVVGAPSPAHGHTTSLSTRDCHRHADGHAHLFRRDDPIPLANFQYPAVPSAPPAPNGIVGSIQGTTPYGSVVTNLPDPAAAATVYDNVTSATSTIPSSSSTWHDQQDYGVKSDVYQSDTQGEFWKHWIQTKDGQCIKTQLTMQVIICGDKHSASNFTNTNNYFGMLVTAVKQSAPAQWTCVHANDEDSPGRTVSWGGHKVFMVKDGVWCIGFAAMGAGPR
33d32f2f-6916-4fe4-a01b-d3ba9c78fe0f,10,2024-06-19 01:35:25.880382,evodiff_OA_DM_640M,sequence_generation,"tev (monomer) scaffolding [motif_seq = GHTTSL#############HLFRR########################################################################################FWKHWIQTKDGQC###############HSASNFTNTNNY################################WGGHKVFMVK, seq_len = 237, start = 27]",T4 GPU,,2498.329110622406 Seconds,249.8329110622406 Seconds (inferred),024770c5-8dae-45f1-ba7c-c60953543ab5,MTALITFRGPNGVVNCRLLREHTFPIGGHTTSLVTLTCITAALVPAHLFRRVRMTFHTMQIWFRDHCGTGKISAAAQESGNSPLPVCACSYAHSLNSGAVLVEQLPEYVDVSSEFDQVPDVNGGSCPHDFRKASEKMLHFWKHWIQTKDGQCTSASTSRQGATKNYSHSASNFTNTNNYRFHGRDLQGFQSIDGIAKFYAVTSAQSPNKEDWGGHKVFMVKNAISCGPSVEVVSLDE
33d32f2f-6916-4fe4-a01b-d3ba9c78fe0f,10,2024-06-19 01:35:25.880382,evodiff_OA_DM_640M,sequence_generation,"tev (monomer) scaffolding [motif_seq = GHTTSL#############HLFRR########################################################################################FWKHWIQTKDGQC###############HSASNFTNTNNY################################WGGHKVFMVK, seq_len = 237, start = 27]",T4 GPU,,2498.329110622406 Seconds,249.8329110622406 Seconds (inferred),d353667b-0c57-40f1-9933-1a96ecb17fe9,MPYEPLCPTPARQASPTPTPRPPPLSMGHTTSLMASLSLTVAVSSPHLFRRRSANDGEWRSEQNSGRKDSPSIAEAAKNHIKRLRCKGQAHRRKVVYCARRSSGHHGLLLPARDRLVRLRTSQESTSSGQAERSLEKAQFWKHWIQTKDGQCRTMPRVNPIRKFSCTHSASNFTNTNNYTEDKKNGTVMRMIRFLLLYTAKTKDAFVEHLSWGGHKVFMVKLKVQVAKHMVENALES
33d32f2f-6916-4fe4-a01b-d3ba9c78fe0f,10,2024-06-19 01:35:25.880382,evodiff_OA_DM_640M,sequence_generation,"tev (monomer) scaffolding [motif_seq = GHTTSL#############HLFRR########################################################################################FWKHWIQTKDGQC###############HSASNFTNTNNY################################WGGHKVFMVK, seq_len = 237, start = 27]",T4 GPU,,2498.329110622406 Seconds,249.8329110622406 Seconds (inferred),df67fa65-99e5-4900-bdf9-59e3fdb070e9,MLRREGRRQVGLVATALAHVRRCQGWCGHTTSLGDADGKHPCPEADHLFRRKSMTRPGSPQPVGRKLFRSYCAVKERTPGTNAYSMLNGDGRTFQVASHAVERAHHAFCVEAWLNKGINSCLGLHKTQDSVMPEPGFNDFWKHWIQTKDGQCSQYLLYQGPLYWIGTHSASNFTNTNNYDGCTRCLEKLNFHQQHVDIDMHEHATSPSLLKWGGHKVFMVKTKFNLQFRGFLLVPWM
33d32f2f-6916-4fe4-a01b-d3ba9c78fe0f,10,2024-06-19 01:35:25.880382,evodiff_OA_DM_640M,sequence_generation,"tev (monomer) scaffolding [motif_seq = GHTTSL#############HLFRR########################################################################################FWKHWIQTKDGQC###############HSASNFTNTNNY################################WGGHKVFMVK, seq_len = 237, start = 27]",T4 GPU,,2498.329110622406 Seconds,249.8329110622406 Seconds (inferred),ce279c68-6191-4b22-9a1c-c0b2729db069,MSTYVIVLTDVANAFAPRVQEPGVALHGHTTSLPSDVNGALKENSKHLFRRQARYQVSDSTTILSALRTAGIDVPKMAYGGHFEPSQTAGGFFASPIEQSNAQALSFDSSNKYLHDTWVCKIAKLRQSGLLDGLYMIKRFWKHWIQTKDGQCHGFPGALWTPLDSRNHSASNFTNTNNYDYLIVAHFPHKEHLCSFIAKDHNAYVLLTSHGWGGHKVFMVKQIQDLDGGISLSLVYD
33d32f2f-6916-4fe4-a01b-d3ba9c78fe0f,10,2024-06-19 01:35:25.880382,evodiff_OA_DM_640M,sequence_generation,"tev (monomer) scaffolding [motif_seq = GHTTSL#############HLFRR########################################################################################FWKHWIQTKDGQC###############HSASNFTNTNNY################################WGGHKVFMVK, seq_len = 237, start = 27]",T4 GPU,,2498.329110622406 Seconds,249.8329110622406 Seconds (inferred),ceebf3ef-a82b-4463-8c7e-2803cafdcd58,MSKPSDQAKGGQTSSLKIPKVGSLQASGHTTSLDKQRTTGDESAISHLFRRILKGREVKTSLQVPWDAGTKLQNHWGFTKMEQEPGAARRREDFREKMRTQPDVQRLRLRRNRGVRVPDTAPDTQELNMKEVNVFEESGFWKHWIQTKDGQCATYKRHLKAPSSDDPHSASNFTNTNNYILAWTEVTVIDSTWTPVSKTILFTELWPPSSGWGGHKVFMVKRCSPARKDSCPTRSRI
33d32f2f-6916-4fe4-a01b-d3ba9c78fe0f,10,2024-06-19 01:35:25.880382,evodiff_OA_DM_640M,sequence_generation,"tev (monomer) scaffolding [motif_seq = GHTTSL#############HLFRR########################################################################################FWKHWIQTKDGQC###############HSASNFTNTNNY################################WGGHKVFMVK, seq_len = 237, start = 27]",T4 GPU,,2498.329110622406 Seconds,249.8329110622406 Seconds (inferred),859aee87-1ac8-4527-a486-ab736eb3df3e,MLKKIWLSIKSGKENDPLVPINTDYEDGHTTSLSNEVPPPKEKRKKHLFRRILISLLILGLIGVILLIVASTLIRPPPNSTLESIHKRVYQALAMVGPMIVDLLDGKNIELTKNEPFRVLTSTDNTTSLRQSSNDSRCHFWKHWIQTKDGQCPSITFGFSADSLHPTHSASNFTNTNNYKEGNPHIQPYHPEVNETDFDPRNSVHVVFADAWGGHKVFMVKTLLCPFFTAAAIVAAA
1fa12ddb-adbb-46f6-a2a7-330821b34f52,10,2024-06-19 02:17:04.246925,evodiff_OA_DM_640M,sequence_generation,"tev (monomer) scaffolding [motif_seq = GHTTSL#############HLFRR########################################################################################FWKHWIQTKDGQC###############HSASNFTNTNNY################################WGGHKVFMVK, seq_len = 237, start = 27]",T4 GPU,,2493.3271334171295 Seconds,249.33271334171295 Seconds (inferred),80248352-a0b7-4531-afe3-ba1e14cb4ac2,EGGEKRRIVNASIETDPFSFREFMGEKGHTTSLGISIPKGLQWLSGHLFRRKYIPNIMNWAVPWINQHNFSYSHYIGKQGYPVTVKSIAGKDRDFIAGFPLVPSYHPPKHFQMGDNLYYDSGKAKIILDPYEIGPVPQDFWKHWIQTKDGQCATGVALLATTGIIDLHSASNFTNTNNYKGLPVTDIDWPKPRGAALATIHRALNNNSVEIWGGHKVFMVKRPVDVTNISWNVEVVS
1fa12ddb-adbb-46f6-a2a7-330821b34f52,10,2024-06-19 02:17:04.246925,evodiff_OA_DM_640M,sequence_generation,"tev (monomer) scaffolding [motif_seq = GHTTSL#############HLFRR########################################################################################FWKHWIQTKDGQC###############HSASNFTNTNNY################################WGGHKVFMVK, seq_len = 237, start = 27]",T4 GPU,,2493.3271334171295 Seconds,249.33271334171295 Seconds (inferred),9147af87-42f1-4c4a-8ce3-98d1fcc036c1,MTSQLNAREKLGESPSQASPYTPPPPDGHTTSLTPIEASTGASARAHLFRRPTNQNSQQDRTLPKGYSYTMVYCSRQYYIKKSRSTIPHASKDSHTNILGKWIQFLSHWPLRIPNTQGQHHKQVDQGTKQSIYSNSKHRFWKHWIQTKDGQCLDRTAIKPLQKIHVQHSASNFTNTNNYHQRIGLPGKNIFSKLSDAQFRFISSRYSLKSGWGGHKVFMVKRPLSSFALACWTTLAV
1fa12ddb-adbb-46f6-a2a7-330821b34f52,10,2024-06-19 02:17:04.246925,evodiff_OA_DM_640M,sequence_generation,"tev (monomer) scaffolding [motif_seq = GHTTSL#############HLFRR########################################################################################FWKHWIQTKDGQC###############HSASNFTNTNNY################################WGGHKVFMVK, seq_len = 237, start = 27]",T4 GPU,,2493.3271334171295 Seconds,249.33271334171295 Seconds (inferred),d6f9f297-e245-427a-ac39-ced8ba9624ce,MYDPTTLSTISPVSPDSTFTFPSDSLSGHTTSLHSPPPTGSREVNTHLFRRLINQTGLQRRKHHPTDPSPIFGDVAGKAYSFSVGELGHDRPEENTVIGDGFEEYLTTEKSQGFLEWPHRPFGILQPLGRGRVMDDGGKFWKHWIQTKDGQCIDLRDSNMGHDLKVPHSASNFTNTNNYVDKVCYEVRIAFRIHRATGNKIVLYLNKRSSGWGGHKVFMVKGSPPMIDKTVFRNREP
1fa12ddb-adbb-46f6-a2a7-330821b34f52,10,2024-06-19 02:17:04.246925,evodiff_OA_DM_640M,sequence_generation,"tev (monomer) scaffolding [motif_seq = GHTTSL#############HLFRR########################################################################################FWKHWIQTKDGQC###############HSASNFTNTNNY################################WGGHKVFMVK, seq_len = 237, start = 27]",T4 GPU,,2493.3271334171295 Seconds,249.33271334171295 Seconds (inferred),b4cc3b56-9c6a-4a03-bb58-2e53d88965d4,MSPSSIAETDCQLVLDLMFYNPRRTGSGHTTSLPAGSKLKCCLRVEHLFRRQPNTFHNNDQQSDNDRPSVNIDRRSPVCHQCDPMTLCGGLIDKRRCAPSKTLQDICQHPLCNDDSSFTPCELGIDTHSSPTVEMIITWFWKHWIQTKDGQCHDNSYGYFRVPNLKEHSASNFTNTNNYTTRKPTTHSWSFVYFQKQTSEFANAQLICTQTWGGHKVFMVKSWRRLLCFSRKLHLSL
1fa12ddb-adbb-46f6-a2a7-330821b34f52,10,2024-06-19 02:17:04.246925,evodiff_OA_DM_640M,sequence_generation,"tev (monomer) scaffolding [motif_seq = GHTTSL#############HLFRR########################################################################################FWKHWIQTKDGQC###############HSASNFTNTNNY################################WGGHKVFMVK, seq_len = 237, start = 27]",T4 GPU,,2493.3271334171295 Seconds,249.33271334171295 Seconds (inferred),22f75f36-0caa-4413-bd86-5d0baf833a71,SDNLGQRPCGGGDIICITPAKHLHAWIGHTTSLPRSAHKSGSLQLTHLFRRRPPTCRVQTSKLAPSVLPNCVQIPSRQRCRLAVTSTSHASVSFRASHAASYLRRGSIQRCADNVTRRRGVSHRNIYPSDPDTLHNSKRFWKHWIQTKDGQCRFIRPPPQDQPRSWRHSASNFTNTNNYLSYTKSDFKSAPGVAPRDFPEATDSKQYSHELWGGHKVFMVKYITCLLAVRFAGGFMR
1fa12ddb-adbb-46f6-a2a7-330821b34f52,10,2024-06-19 02:17:04.246925,evodiff_OA_DM_640M,sequence_generation,"tev (monomer) scaffolding [motif_seq = GHTTSL#############HLFRR########################################################################################FWKHWIQTKDGQC###############HSASNFTNTNNY################################WGGHKVFMVK, seq_len = 237, start = 27]",T4 GPU,,2493.3271334171295 Seconds,249.33271334171295 Seconds (inferred),d9b0cbf1-7ee3-4ef3-9c75-e40a0bb95493,MFKKGVGEVDFPLFLMRIWCGCDPRYLGHTTSLKYEEDTQTCFSTLHLFRRLLHVTKIKFRTKPNTAHNCAAHLPVSLFCFGELATQRSCASCQTRRASSPKMGPLLIWSTSITGRSQDTDVLLGYYKTEARPGINTDSFWKHWIQTKDGQCGGYRGHYMMVQGSDPHSASNFTNTNNYGGPLSRLSSASIEGHLRAAFERALKESQAIHIWGGHKVFMVKPTGFFEFPIINKTSHC
1fa12ddb-adbb-46f6-a2a7-330821b34f52,10,2024-06-19 02:17:04.246925,evodiff_OA_DM_640M,sequence_generation,"tev (monomer) scaffolding [motif_seq = GHTTSL#############HLFRR########################################################################################FWKHWIQTKDGQC###############HSASNFTNTNNY################################WGGHKVFMVK, seq_len = 237, start = 27]",T4 GPU,,2493.3271334171295 Seconds,249.33271334171295 Seconds (inferred),e164f83f-48e1-417e-92d6-315a4f56f3fe,MGFVQEPKTLGNFPKWCYWLQVIKDKKGHTTSLLIVDRNMDNKAHNHLFRRLNGLIEKVEEHGDGSYYVKPFTLPHFEDKSEVDKKDLNAKIFSLHPTIVVRGTEYGLNGENNIPKIAHMIMNCQNDKNIVRAQLKLYHFWKHWIQTKDGQCESWYPFDNPEFIPLTHSASNFTNTNNYTVWATKIFNDGEYVYLDTQLHLLDNGIILDRFWGGHKVFMVKSSRCWDFTEVPTSRLH
1fa12ddb-adbb-46f6-a2a7-330821b34f52,10,2024-06-19 02:17:04.246925,evodiff_OA_DM_640M,sequence_generation,"tev (monomer) scaffolding [motif_seq = GHTTSL#############HLFRR########################################################################################FWKHWIQTKDGQC###############HSASNFTNTNNY################################WGGHKVFMVK, seq_len = 237, start = 27]",T4 GPU,,2493.3271334171295 Seconds,249.33271334171295 Seconds (inferred),9934ff58-e932-4070-8ed5-15cfc36d719c,MKKGSILVTLGISEQPLICLHDCHVQGGHTTSLHLLASNPLCLHLRHLFRRVCFTFRRQVGSFLYESPSDPHISDPIDTVLHCVCPSIPPDRPTQPALPPGEHPTLRSDDSGVAIAARVGPIQTHQGCKVCGGSRAVGRFWKHWIQTKDGQCNLRFRIPVCWLPTLIHSASNFTNTNNYDPFSRSARDFTDLSFRFRKIPFKLWRKVYLVEWGGHKVFMVKGALWRKMWGTKTGGFM
1fa12ddb-adbb-46f6-a2a7-330821b34f52,10,2024-06-19 02:17:04.246925,evodiff_OA_DM_640M,sequence_generation,"tev (monomer) scaffolding [motif_seq = GHTTSL#############HLFRR########################################################################################FWKHWIQTKDGQC###############HSASNFTNTNNY################################WGGHKVFMVK, seq_len = 237, start = 27]",T4 GPU,,2493.3271334171295 Seconds,249.33271334171295 Seconds (inferred),e433dd3d-e7f0-4d64-9a31-f470533e1691,MHRVAQRLEKLPGGTLWDKEEPQETFYGHTTSLATNQSKKCLIFSRHLFRRAMLLDFEKLSPQIGITVNTSTGEVVPFPVLNNYDLLQDTLEQCMNIVITSLDGTQLSDMTTFIVAFHSHALLLRCTHRGKMEMECLQGFWKHWIQTKDGQCFFTLKDFNHNAIYVMHSASNFTNTNNYFATSNYEFKDNNDCILLVLTDDVLRSVIIVVLWGGHKVFMVKPKGTSHIHVYVTYFSI
1fa12ddb-adbb-46f6-a2a7-330821b34f52,10,2024-06-19 02:17:04.246925,evodiff_OA_DM_640M,sequence_generation,"tev (monomer) scaffolding [motif_seq = GHTTSL#############HLFRR########################################################################################FWKHWIQTKDGQC###############HSASNFTNTNNY################################WGGHKVFMVK, seq_len = 237, start = 27]",T4 GPU,,2493.3271334171295 Seconds,249.33271334171295 Seconds (inferred),35bf3939-c317-48fc-83c1-2587d3bf7e21,NAFCGFDCAGSPVKWWHYFTEIGAPKGGHTTSLDFSTFKTKEVHSWHLFRRQETKGTSAGSADLVTAFIAVPVTATARAATQLYTTLNTTTSGSTPLFNIWAKPDFLLSTNVSGVIAYVLQRPNQGTTATTTTANAGPNFWKHWIQTKDGQCKQQLLTLQYTGQWLRHSASNFTNTNNYGTPLTSGTTSQLAGLPSRHYFNLSAPFSTTDVWGGHKVFMVKNGNSITVAPFTQPLMA
33607493-0cc6-4397-a943-1a8a27fefccc,10,2024-06-19 02:58:37.595050,evodiff_OA_DM_640M,sequence_generation,"tev (monomer) scaffolding [motif_seq = GHTTSL#############HLFRR########################################################################################FWKHWIQTKDGQC###############HSASNFTNTNNY################################WGGHKVFMVK, seq_len = 237, start = 27]",T4 GPU,,2495.9907624721527 Seconds,249.59907624721527 Seconds (inferred),c0dc8398-c90a-4bc4-a5bd-f68b33a2ccbb,MGTGSVLNPCLSGNCSLKTSKVRSWLCGHTTSLPPTTNILASVYTSHLFRRPDQALNDLRRGYISDIVQNWNSLPTKIIPSLNNTANLLQLWADDPQNPQGGNSLHNGTNWQSQRCAALYNDSSGSWSAAISYPANFGDFWKHWIQTKDGQCVGESVCRLVLRGVDHHSASNFTNTNNYVLNSHINNEVNCTEQTHVWYLSEWEFHLLTCEWGGHKVFMVKDAKAVNLGGAVTSVRK
33607493-0cc6-4397-a943-1a8a27fefccc,10,2024-06-19 02:58:37.595050,evodiff_OA_DM_640M,sequence_generation,"tev (monomer) scaffolding [motif_seq = GHTTSL#############HLFRR########################################################################################FWKHWIQTKDGQC###############HSASNFTNTNNY################################WGGHKVFMVK, seq_len = 237, start = 27]",T4 GPU,,2495.9907624721527 Seconds,249.59907624721527 Seconds (inferred),f933e7f3-7694-44c3-9427-0c74f2d0ba26,MQLGQREENAPSYPLAEFVLSAVRAPTGHTTSLLSLLLVPVFVFVSHLFRRRSRRQRNLLRSGEANGLLPDLCECPKNTGFCPIGRRGGGIECSNTIKCPTILIYPGKKLDFWFSIYDNTSTADPTRSEPVKYGWVEISFWKHWIQTKDGQCRHGIKPGGQCEKRFPHSASNFTNTNNYTTPDSVFKKKIDYDEKLGGFFSTKFTSNCGNIWGGHKVFMVKQTYCLPTSEDCDDVHD
33607493-0cc6-4397-a943-1a8a27fefccc,10,2024-06-19 02:58:37.595050,evodiff_OA_DM_640M,sequence_generation,"tev (monomer) scaffolding [motif_seq = GHTTSL#############HLFRR########################################################################################FWKHWIQTKDGQC###############HSASNFTNTNNY################################WGGHKVFMVK, seq_len = 237, start = 27]",T4 GPU,,2495.9907624721527 Seconds,249.59907624721527 Seconds (inferred),89b07f8f-7338-4cea-bf09-ddd6970c182d,MSKNKAQNHVSKKELCYIRNICIPVDLGHTTSLIELERYGNGPNFTHLFRRCLSQMVKPRPKSVPHPVTITLKAQHQIMTSWNIEKEGSCKPCMEEKKSNEDGSEWANCAGTSEAISNGSNILRSDSRESTEPDKHVCCFWKHWIQTKDGQCDNDAANNHPQLDTDSHSASNFTNTNNYGSSKQYNKTIEVKNYKSKIDTQANTNEQQAIYWGGHKVFMVKVSLLLPKICNILQEER
33607493-0cc6-4397-a943-1a8a27fefccc,10,2024-06-19 02:58:37.595050,evodiff_OA_DM_640M,sequence_generation,"tev (monomer) scaffolding [motif_seq = GHTTSL#############HLFRR########################################################################################FWKHWIQTKDGQC###############HSASNFTNTNNY################################WGGHKVFMVK, seq_len = 237, start = 27]",T4 GPU,,2495.9907624721527 Seconds,249.59907624721527 Seconds (inferred),8b278245-cf28-4925-9ec0-57017932149a,ASGFAPPQLPTSPWIFTFELTILRCRPGHTTSLPPALALVPPRRRRHLFRRRASAAASTLCAVEAARSKTARAVRENAGSCLPSHLPAQPNKNGPQKPVGSPNERRSRHCGGESESIKYQESIFDPLGEDHKSIFPLRTFWKHWIQTKDGQCYFARTETSNVTLITQHSASNFTNTNNYRWRGRANVTSGPQAPGTNPKNKTPHRMHVSKLWGGHKVFMVKEKIANCTAPQSVPTRT
33607493-0cc6-4397-a943-1a8a27fefccc,10,2024-06-19 02:58:37.595050,evodiff_OA_DM_640M,sequence_generation,"tev (monomer) scaffolding [motif_seq = GHTTSL#############HLFRR########################################################################################FWKHWIQTKDGQC###############HSASNFTNTNNY################################WGGHKVFMVK, seq_len = 237, start = 27]",T4 GPU,,2495.9907624721527 Seconds,249.59907624721527 Seconds (inferred),7f240390-ea88-4068-99e9-b0001ae28f6a,MPTVGVRSDSVISRLTWHGRCPDIHSRGHTTSLEIGTSMQTSKLGTHLFRRHRWLGCRSSYRCDKRELYITASTLTLQTSNSPYFSSRVRAQAGAEEPGVPNRQLYRNPFSLQNPFYIACIRCYSAWRGGSVNPCQVCEFWKHWIQTKDGQCFATCDTEGWSAEGSFHSASNFTNTNNYYEVRTLTMACDGVYRTLEFCKNEVDQLLHAHIWGGHKVFMVKIKADLSSEFCLQSVLE
33607493-0cc6-4397-a943-1a8a27fefccc,10,2024-06-19 02:58:37.595050,evodiff_OA_DM_640M,sequence_generation,"tev (monomer) scaffolding [motif_seq = GHTTSL#############HLFRR########################################################################################FWKHWIQTKDGQC###############HSASNFTNTNNY################################WGGHKVFMVK, seq_len = 237, start = 27]",T4 GPU,,2495.9907624721527 Seconds,249.59907624721527 Seconds (inferred),7a46a0d6-44f2-4cbe-88ab-fddea7708ed9,KAYSGQGPVFSNNPSRVNVDTAMTDFQGHTTSLIYNLYIKVGDSTHHLFRRKSEESHLHIDDEEKKCGENGNLEKECRLGDEELLNSIQKAMSKVDGPTGSVRFSLVSFCLGKNYTSADHFNYLEELTKSKIYSLFVNFFWKHWIQTKDGQCAGIAQMGKSQRGLHIHSASNFTNTNNYIFWELHSLTDEVDAANYKEVVAKMGECYGGRKWGGHKVFMVKNDKTTTKELECAEYDY
33607493-0cc6-4397-a943-1a8a27fefccc,10,2024-06-19 02:58:37.595050,evodiff_OA_DM_640M,sequence_generation,"tev (monomer) scaffolding [motif_seq = GHTTSL#############HLFRR########################################################################################FWKHWIQTKDGQC###############HSASNFTNTNNY################################WGGHKVFMVK, seq_len = 237, start = 27]",T4 GPU,,2495.9907624721527 Seconds,249.59907624721527 Seconds (inferred),2e9ae436-2dff-4bdc-9957-1bddb793fa0c,MGLALALLVRHEEGWRLVCGPDVPLDAGHTTSLLHRSPPPLVAALHHLFRRHSKGYSIWKSTKLSRLLLLEDNIDTQSHLQSHKEQVNSLYGTSWGGCRGSSFCSQGLDPSWVAGGWESLKVMRIFYALDTVQAGLSFLFWKHWIQTKDGQCGILMQNNGLQKEKATHSASNFTNTNNYSMTYSLANDMFYYVDGAGIQGLGNKLLIMRYTWGGHKVFMVKYPCDLCDTNPCSGFLM
33607493-0cc6-4397-a943-1a8a27fefccc,10,2024-06-19 02:58:37.595050,evodiff_OA_DM_640M,sequence_generation,"tev (monomer) scaffolding [motif_seq = GHTTSL#############HLFRR########################################################################################FWKHWIQTKDGQC###############HSASNFTNTNNY################################WGGHKVFMVK, seq_len = 237, start = 27]",T4 GPU,,2495.9907624721527 Seconds,249.59907624721527 Seconds (inferred),89a1f3d3-7183-4b7d-b512-47078453148d,MLLSLIMQRMTSPSASLSNHHLLNSNRGHTTSLSNPPAQHTSDSITHLFRRKKQKKNSGSPSFVTSPNTSSPSQMKSKTYGDKLLSGLPSNKFTSSTPKPGRKNNSRQKSRKACSKPGPSGRMESALPAMTKIPVRNSMFWKHWIQTKDGQCSLNFGGPNSQSGNGIHSASNFTNTNNYANEGYGFSYGEPEAKGWEDFEPFMGGPRFGPNWGGHKVFMVKHYNQGKSESTQKSHIV
33607493-0cc6-4397-a943-1a8a27fefccc,10,2024-06-19 02:58:37.595050,evodiff_OA_DM_640M,sequence_generation,"tev (monomer) scaffolding [motif_seq = GHTTSL#############HLFRR########################################################################################FWKHWIQTKDGQC###############HSASNFTNTNNY################################WGGHKVFMVK, seq_len = 237, start = 27]",T4 GPU,,2495.9907624721527 Seconds,249.59907624721527 Seconds (inferred),8c509ce4-06bb-42fe-b33c-b987a04030ca,MRSGKRHAFLQGADWHHSSHPLHMKATGHTTSLSFATLPPLIPLKPHLFRRQPPPTCLPPHHPNIHRLLSVSLVTSSVSITPQVGIYISTPSFTLFPTGSKLENFAAPPVPQPEPLVGNPISEEEAEGNPQPNNKQARQFWKHWIQTKDGQCIRSKNTILAPQTGFVHSASNFTNTNNYVSAYNHILSGAKEVYEVGEDHGGALVGRGRDTWGGHKVFMVKRAFRALALRGGGTGGF
33607493-0cc6-4397-a943-1a8a27fefccc,10,2024-06-19 02:58:37.595050,evodiff_OA_DM_640M,sequence_generation,"tev (monomer) scaffolding [motif_seq = GHTTSL#############HLFRR########################################################################################FWKHWIQTKDGQC###############HSASNFTNTNNY################################WGGHKVFMVK, seq_len = 237, start = 27]",T4 GPU,,2495.9907624721527 Seconds,249.59907624721527 Seconds (inferred),68e18c1b-3669-45fb-a623-421b36fe82e1,MDNNFEIKQQKSDFNTDLRYYVQRIDDGHTTSLNQLRTVPHTDNRAHLFRRTKYNATKIWADNVSIGTRRTPGFVIFRRGISAALFYLIEWGVEPMLETKGYRDYDQSLSKTIGVGNLGVCPDWTLRTHHQERVRTNRMFWKHWIQTKDGQCIPHSYSEPTTFSTNLHSASNFTNTNNYHQQRVLLFHPVHGHLIVVVMSQLESLGENFINWGGHKVFMVKKPLEIFTDRGENSMSM
fe15c3e5-24cb-4739-9a55-000ef44c452d,10,2024-06-19 03:40:13.608268,evodiff_OA_DM_640M,sequence_generation,"tev (monomer) scaffolding [motif_seq = GHTTSL#############HLFRR########################################################################################FWKHWIQTKDGQC###############HSASNFTNTNNY################################WGGHKVFMVK, seq_len = 237, start = 27]",T4 GPU,,2492.0408222675323 Seconds,249.20408222675323 Seconds (inferred),4551b62f-48f3-4c51-a328-9de349bc28ce,MKGSPPLVFSAAFIISISIFLSTELACGHTTSLAFYGTGGRIICGTHLFRRLFQLASTFLNEMSTHVGGFLEIKYGSWLMGLFTKMCLSFLYVEPFSSHCYLVEVHYIGTPSHCCDRICRERALNLALRSSSLAHSSGLFWKHWIQTKDGQCLEIHKFCTSMQTILSHSASNFTNTNNYNQIKLVKCFGWLNVYGPISYGVCNGQIFKCQAWGGHKVFMVKVKMNGKDAMYHRIVGI
fe15c3e5-24cb-4739-9a55-000ef44c452d,10,2024-06-19 03:40:13.608268,evodiff_OA_DM_640M,sequence_generation,"tev (monomer) scaffolding [motif_seq = GHTTSL#############HLFRR########################################################################################FWKHWIQTKDGQC###############HSASNFTNTNNY################################WGGHKVFMVK, seq_len = 237, start = 27]",T4 GPU,,2492.0408222675323 Seconds,249.20408222675323 Seconds (inferred),fcbabd0e-9beb-43e9-a09e-325ce10cfdb1,MIENDENDYYCAEVFNFKLDCDDSLSVGHTTSLLHVRLNHNCADKKHLFRRNFQFENYFDKVRREEHLTPAENMKLEHKFVSYLEAACMQLRQPNFIGSKWPCVLHMIEEQIRQFLEIWFPSMPSQSFMIRPRVGIDVIFWKHWIQTKDGQCAISAIQYILTLPGSDHSASNFTNTNNYFAISDNIQFFAESIRSETSEKCSLIRPKRFSVWGGHKVFMVKLLRAKSIETQSMSIVC
fe15c3e5-24cb-4739-9a55-000ef44c452d,10,2024-06-19 03:40:13.608268,evodiff_OA_DM_640M,sequence_generation,"tev (monomer) scaffolding [motif_seq = GHTTSL#############HLFRR########################################################################################FWKHWIQTKDGQC###############HSASNFTNTNNY################################WGGHKVFMVK, seq_len = 237, start = 27]",T4 GPU,,2492.0408222675323 Seconds,249.20408222675323 Seconds (inferred),6a4a89a5-304e-4b1a-9a1d-d509ca781475,RRSLCPVIDAIKKKVSRVSPMAKTYVKGHTTSLNASTGQWDGDIPNHLFRRLYAGKKSDYAPEVMGNLFAPKDIEVCANITASHMRYCHYFDAMFIGCIKPKDIPFSHIPSEERLDYARDPRTAIMKPTLYDMGTATRAFWKHWIQTKDGQCLLDGKLLRKGKLPWFHSASNFTNTNNYTQVEGSAIPVPGRPPHMYFLGDKNGDPLDNMDWGGHKVFMVKNLLYIYQIRADKECQM
fe15c3e5-24cb-4739-9a55-000ef44c452d,10,2024-06-19 03:40:13.608268,evodiff_OA_DM_640M,sequence_generation,"tev (monomer) scaffolding [motif_seq = GHTTSL#############HLFRR########################################################################################FWKHWIQTKDGQC###############HSASNFTNTNNY################################WGGHKVFMVK, seq_len = 237, start = 27]",T4 GPU,,2492.0408222675323 Seconds,249.20408222675323 Seconds (inferred),2a312398-267c-48fe-af43-1f508e39247d,MLCIRCLGASHPSACLGRPLTRTRRVFGHTTSLQEELREEIYPQKRHLFRRELLVPYRDPPRTELRWNEEIRYWNRKGHCAGPARNVRDKEEEGEGGDDPDKVSRFGFSKIVEKGEHQLVHYVDRLSQDNTRKSRKPVAFWKHWIQTKDGQCTDGSLWHIKDYGHQAHSASNFTNTNNYIPFQRLEQNSVHSTWWWLTLGDWILRQPSKFHWGGHKVFMVKQLSQIGNHKDCRISRD
fe15c3e5-24cb-4739-9a55-000ef44c452d,10,2024-06-19 03:40:13.608268,evodiff_OA_DM_640M,sequence_generation,"tev (monomer) scaffolding [motif_seq = GHTTSL#############HLFRR########################################################################################FWKHWIQTKDGQC###############HSASNFTNTNNY################################WGGHKVFMVK, seq_len = 237, start = 27]",T4 GPU,,2492.0408222675323 Seconds,249.20408222675323 Seconds (inferred),e26e4aa0-84f3-49be-93f3-3a9e8d727ae8,MVRYASMPNLHGGGAVRSDVGEMTRASGHTTSLLQEGYSRRLQAQQHLFRRKLLVAYCGPKEICKLPKLVIPPLTQSLSDFIQSCLPRDTSQPLSNSDEESNRLIWTFDDTRTTAYGLWKCTCIESSSNQKNFVEGCLDFWKHWIQTKDGQCSKTVKGTISGQRTPPHSASNFTNTNNYGRPSRRKPQGTISSHLGDIRQVSSRDGTKWFCWGGHKVFMVKLKIRKQEYPSAKPASS
fe15c3e5-24cb-4739-9a55-000ef44c452d,10,2024-06-19 03:40:13.608268,evodiff_OA_DM_640M,sequence_generation,"tev (monomer) scaffolding [motif_seq = GHTTSL#############HLFRR########################################################################################FWKHWIQTKDGQC###############HSASNFTNTNNY################################WGGHKVFMVK, seq_len = 237, start = 27]",T4 GPU,,2492.0408222675323 Seconds,249.20408222675323 Seconds (inferred),52e35059-d4d6-4062-9cfd-1113efffd694,MHAQYHQPAPFSTTLRGQHDTVGDMIIGHTTSLPPSFPPSLSPHRLHLFRRQSMIKTNTILRESTPIFPPTPFVRFHRYHCTNCMREKIDTIKVKVSREIHTLAYHDLMALRLSGRACYWSYTWVAEVLGLFSAHLLDIFWKHWIQTKDGQCLALSHLSFIKNLFSHHSASNFTNTNNYLDPYNDNWFENILIFPRAFCCNEWPLRHQTSPWGGHKVFMVKTQDMEKGTIGFGPLGK
fe15c3e5-24cb-4739-9a55-000ef44c452d,10,2024-06-19 03:40:13.608268,evodiff_OA_DM_640M,sequence_generation,"tev (monomer) scaffolding [motif_seq = GHTTSL#############HLFRR########################################################################################FWKHWIQTKDGQC###############HSASNFTNTNNY################################WGGHKVFMVK, seq_len = 237, start = 27]",T4 GPU,,2492.0408222675323 Seconds,249.20408222675323 Seconds (inferred),103f0951-4d83-4a37-8bd8-61e97161c60b,MTSDSRVGSGGPSLLDWERRNPEPRRHGHTTSLESDRPAKVANHIEHLFRRLESDDEDDKDMKHNWKVAAQLMWDAFYAADKQDMKPCVFLSYRTSKTRFDMYGPPFYRHGGCGVINYMFLSLILRPDHVGRNDAGPDHFWKHWIQTKDGQCQYEAHERIVSPITNRHSASNFTNTNNYWNILENQILERDKQIVISELLGYAEPLMQSQDWGGHKVFMVKFLRALWPSYEPNLNPL
fe15c3e5-24cb-4739-9a55-000ef44c452d,10,2024-06-19 03:40:13.608268,evodiff_OA_DM_640M,sequence_generation,"tev (monomer) scaffolding [motif_seq = GHTTSL#############HLFRR########################################################################################FWKHWIQTKDGQC###############HSASNFTNTNNY################################WGGHKVFMVK, seq_len = 237, start = 27]",T4 GPU,,2492.0408222675323 Seconds,249.20408222675323 Seconds (inferred),6fc62ad3-4b19-4f2f-9ca1-66eec01c54ca,MQAQPGDGDNQNSWQDTTDADDMWIQSGHTTSLFSSIKHTIPKEYFHLFRRDPDVLPYILLTTPFLQIGHAGNSDFSGKLSEGFSQVPVGQEDAAPLNYWNTKSTCQQNTDVYELYCIGDHDGSMEGAPKNVFLFAWPVFWKHWIQTKDGQCGQTDICILVGGQWFGHSASNFTNTNNYVQAVSNSYNMQDGPRLAEAFSGVFNYEENETSWGGHKVFMVKPSKLSNGDEYFIAAVH
fe15c3e5-24cb-4739-9a55-000ef44c452d,10,2024-06-19 03:40:13.608268,evodiff_OA_DM_640M,sequence_generation,"tev (monomer) scaffolding [motif_seq = GHTTSL#############HLFRR########################################################################################FWKHWIQTKDGQC###############HSASNFTNTNNY################################WGGHKVFMVK, seq_len = 237, start = 27]",T4 GPU,,2492.0408222675323 Seconds,249.20408222675323 Seconds (inferred),764f7590-9502-491e-91c8-0425cb8ac996,MESAYIVVNVSGKLVVAQSCLLICDWMGHTTSLPSFKYVMNYEFFLHLFRRQSLELLLVKFKFIELPLNDTGKEKNLFTLIGAIFSESATVTLCSELNELNGKLYSFVGNSLKVLPNAMICQAVDLLLSYSQTALEQKTFWKHWIQTKDGQCFGNKHDVMWSLHAIVHSASNFTNTNNYDFNSWPSETEEFFIGTASVRVMVQENWTSRSLWGGHKVFMVKWRSLILFQPRRTNNHI
fe15c3e5-24cb-4739-9a55-000ef44c452d,10,2024-06-19 03:40:13.608268,evodiff_OA_DM_640M,sequence_generation,"tev (monomer) scaffolding [motif_seq = GHTTSL#############HLFRR########################################################################################FWKHWIQTKDGQC###############HSASNFTNTNNY################################WGGHKVFMVK, seq_len = 237, start = 27]",T4 GPU,,2492.0408222675323 Seconds,249.20408222675323 Seconds (inferred),2b7ab7fd-a7c5-4a78-8bce-6a7b80e6c521,MFGTFVFMNTRNSTSQEWLSVLSAREMGHTTSLLPGMYSTSLHLQGHLFRRHLLVKLIQSDHRKPLKLQRDSCPMNVIERETRSKFNQFSQFWGSKNAHGYGFQTEKVAILEHNFKLTWLKLQLKIKCLFTQKPSWSQHFWKHWIQTKDGQCGTLSREWMSQVPCIVHSASNFTNTNNYTDRDKPESAFFSLHDANDLLLFSDSTVMGTGSWGGHKVFMVKCFSIFFYATRRTSMTW
d156b3e2-46f6-434f-99e1-2f73687117db,10,2024-06-19 04:21:45.671201,evodiff_OA_DM_640M,sequence_generation,"tev (monomer) scaffolding [motif_seq = GHTTSL#############HLFRR########################################################################################FWKHWIQTKDGQC###############HSASNFTNTNNY################################WGGHKVFMVK, seq_len = 237, start = 27]",T4 GPU,,2494.155644416809 Seconds,249.4155644416809 Seconds (inferred),c270112c-d57e-4242-9730-41dfa4b5f30e,MWEGGMWDLVTSPVGSAELGLQRFMRAGHTTSLLTTSVKKYSPLFPHLFRRSPIVGAYCNLMRRRLRSKIGDLSPAPAYIFLDAPSPDILLRPSDVTHTWIIVIFIIIFFSITFIMLFGCRCHKSSRGACRVKCWSLNGFWKHWIQTKDGQCSPVFNQTRVPSMLFVHSASNFTNTNNYTLQRRTFHPMSKKRIRIQLLEMKDKIGASMRKWGGHKVFMVKCLCISSRGIYFMQTIN
d156b3e2-46f6-434f-99e1-2f73687117db,10,2024-06-19 04:21:45.671201,evodiff_OA_DM_640M,sequence_generation,"tev (monomer) scaffolding [motif_seq = GHTTSL#############HLFRR########################################################################################FWKHWIQTKDGQC###############HSASNFTNTNNY################################WGGHKVFMVK, seq_len = 237, start = 27]",T4 GPU,,2494.155644416809 Seconds,249.4155644416809 Seconds (inferred),746f6ce8-d676-44ea-9b96-c07d704e6218,MADLNFDLLSTRGVQPVDVYVNHRYYRGHTTSLPPNYVRNRFFASNHLFRRVANTGHHLWYCQPTTAHSRRHLNNYNIIVRNPLMPHRSLTSIKPLKVIDSRNRITPFTEHFDNIDFGQRTLDVFLYNYDSRDESKLAYFWKHWIQTKDGQCFYLNDAPSARIRFFLHSASNFTNTNNYVLTYTCRLDYSNYPGIYEERDKRVSRVLGCDVWGGHKVFMVKALSRRITVPMRTLPIR
d156b3e2-46f6-434f-99e1-2f73687117db,10,2024-06-19 04:21:45.671201,evodiff_OA_DM_640M,sequence_generation,"tev (monomer) scaffolding [motif_seq = GHTTSL#############HLFRR########################################################################################FWKHWIQTKDGQC###############HSASNFTNTNNY################################WGGHKVFMVK, seq_len = 237, start = 27]",T4 GPU,,2494.155644416809 Seconds,249.4155644416809 Seconds (inferred),9bf4fac5-91cf-4a9f-9714-2948cce7487e,MGPETSVQGHVMMTNGASLCHMTLDRHGHTTSLKLHLYFSPISQRSHLFRRLIHPYTPLRPSLAIDFLACTSFYSCSADTLYAEMLPVGLSRYAHASHDYSSDASKKGSYPPRPVPPARPRLLTHLDQASYYYWEASEPFWKHWIQTKDGQCVLNRAGNSAGINHTPHSASNFTNTNNYGCDRFLCNLNPHTLLPCNSVPSGLDVVPTSFGWGGHKVFMVKKILAEELGGISPCRRG
d156b3e2-46f6-434f-99e1-2f73687117db,10,2024-06-19 04:21:45.671201,evodiff_OA_DM_640M,sequence_generation,"tev (monomer) scaffolding [motif_seq = GHTTSL#############HLFRR########################################################################################FWKHWIQTKDGQC###############HSASNFTNTNNY################################WGGHKVFMVK, seq_len = 237, start = 27]",T4 GPU,,2494.155644416809 Seconds,249.4155644416809 Seconds (inferred),cd58d800-91d6-4b0b-a377-87df4114cfa2,RDKATENAAEWMDRLTSAHLSDSKTEDGHTTSLAIERLGQLETEICHLFRRHVKTISYSCPIWNYKHDHRGLLDILKLEKLGMVDEAHFNLGCTNASINLPSLLVRAINKLSSRVSGKTKPVKETLGAFPEENAGLMAHFWKHWIQTKDGQCPSGIHPNSVSLNSKVHSASNFTNTNNYQLYAFQWADITITYAKYVQDAISATKVSYLVYWGGHKVFMVKTSDRGLFQKIQDAASF
d156b3e2-46f6-434f-99e1-2f73687117db,10,2024-06-19 04:21:45.671201,evodiff_OA_DM_640M,sequence_generation,"tev (monomer) scaffolding [motif_seq = GHTTSL#############HLFRR########################################################################################FWKHWIQTKDGQC###############HSASNFTNTNNY################################WGGHKVFMVK, seq_len = 237, start = 27]",T4 GPU,,2494.155644416809 Seconds,249.4155644416809 Seconds (inferred),0c5cb715-0603-43ae-b507-e7545a0a8740,MKGVIFFFLFLVITLAVADSHKGTNKKGHTTSLKVEPSAEKRLTAEHLFRRRMKQNGKSKDTKTLLKFDTISISRKASSDQNKVNLNDFVSALKSTYVGGIGLMFCDLDILQEPALILWAKKNGWVVKRAYQGAQIYDVFWKHWIQTKDGQCGNGDCGVWVDIWTAFHSASNFTNTNNYSEINDHPTDYCVSFLNNLGSKPGSYSVFTLDGWGGHKVFMVKEVIPDTWRYNKTDIRN
d156b3e2-46f6-434f-99e1-2f73687117db,10,2024-06-19 04:21:45.671201,evodiff_OA_DM_640M,sequence_generation,"tev (monomer) scaffolding [motif_seq = GHTTSL#############HLFRR########################################################################################FWKHWIQTKDGQC###############HSASNFTNTNNY################################WGGHKVFMVK, seq_len = 237, start = 27]",T4 GPU,,2494.155644416809 Seconds,249.4155644416809 Seconds (inferred),172255a9-bdff-4173-9999-d4ef8c5368a5,MRYDSVYLHQIIGASQSPPGHAHLGSEGHTTSLSFRQSMHLAASTIHLFRRFYINTIHHLVSLNPNIQVSSVRTTGTYRLRSEFNLSNPASSSSAAPNQPSTYGSGLKDHTPNPFYIKPEKLEGLLDRYTSSVDGFDDFFWKHWIQTKDGQCIFLRLPYHNEVRQHQHSASNFTNTNNYTSFHDHHDHDEKFNGNSHDKKSDSVVEVFRGCWGGHKVFMVKLWRGKEEAVFSPRWNY
d156b3e2-46f6-434f-99e1-2f73687117db,10,2024-06-19 04:21:45.671201,evodiff_OA_DM_640M,sequence_generation,"tev (monomer) scaffolding [motif_seq = GHTTSL#############HLFRR########################################################################################FWKHWIQTKDGQC###############HSASNFTNTNNY################################WGGHKVFMVK, seq_len = 237, start = 27]",T4 GPU,,2494.155644416809 Seconds,249.4155644416809 Seconds (inferred),b09f1c86-88a9-4c8c-88d6-d7612b6e63f8,MKEKTHHIKYETTRVFPPICRDHGFKMGHTTSLMTKKVWPDRCTGTHLFRRHDDSTNKRIIASGYVWNLRSSLKWDHVPDTKKVDKSDSRAELCVSNVAILVRKMQPSPKIAGREHHTGLNYGSTNISEINIAKRRQQRFWKHWIQTKDGQCYLTHMFQQDPKRNDYHSASNFTNTNNYDGPLKSENNSVIGTKNDIDFFQSRMKMSRSVFWGGHKVFMVKTRARKSRTTRTNASFR
d156b3e2-46f6-434f-99e1-2f73687117db,10,2024-06-19 04:21:45.671201,evodiff_OA_DM_640M,sequence_generation,"tev (monomer) scaffolding [motif_seq = GHTTSL#############HLFRR########################################################################################FWKHWIQTKDGQC###############HSASNFTNTNNY################################WGGHKVFMVK, seq_len = 237, start = 27]",T4 GPU,,2494.155644416809 Seconds,249.4155644416809 Seconds (inferred),fee1779d-0f3a-4b66-a862-2bbcccc19758,VHPWLRMSSAKDTYKIRALLSPYLLSRGHTTSLQRPMVPNKLAQSRHLFRRGVIVRRCHVTILPVVGPLAFSSEEGHWRMSGALANAQHVKAIIKYRITLGKAELVWMWHPHVMNHHLWCSKCCGWSSGDMGHRGTYTHFWKHWIQTKDGQCAGGRLCYADDMAGSSHSASNFTNTNNYKFNHSYLTDKPHLGCGWMVERPKMQSNNVQTAWGGHKVFMVKLPMTLYMKIPEYTGDL
d156b3e2-46f6-434f-99e1-2f73687117db,10,2024-06-19 04:21:45.671201,evodiff_OA_DM_640M,sequence_generation,"tev (monomer) scaffolding [motif_seq = GHTTSL#############HLFRR########################################################################################FWKHWIQTKDGQC###############HSASNFTNTNNY################################WGGHKVFMVK, seq_len = 237, start = 27]",T4 GPU,,2494.155644416809 Seconds,249.4155644416809 Seconds (inferred),1d1db873-9f99-4486-aff2-8ae916479bcc,MVAQVKRVMSLMPLPGPGAVWAGWVVTGHTTSLRCRYDLLTSVDLSHLFRRSLRGLPRRQITKTLLKRQNRFFELVVLAGAQCSAFTWVVPRDCTLWETSSCRPDPFGMPAPTKHKWSNSGASQFKTPEEETIVLYLYLFWKHWIQTKDGQCPGAEPLLVACLGIPRHSASNFTNTNNYFVTVYDLHKQRDRPEEGLCEFGSAGSTTKSEIWGGHKVFMVKRAGQSSCEDGWYTRNY
d156b3e2-46f6-434f-99e1-2f73687117db,10,2024-06-19 04:21:45.671201,evodiff_OA_DM_640M,sequence_generation,"tev (monomer) scaffolding [motif_seq = GHTTSL#############HLFRR########################################################################################FWKHWIQTKDGQC###############HSASNFTNTNNY################################WGGHKVFMVK, seq_len = 237, start = 27]",T4 GPU,,2494.155644416809 Seconds,249.4155644416809 Seconds (inferred),e1f8f504-aa93-48f6-8890-949850dfa686,MTCQGSLEQHRGVLREIPSYLFSNSLQGHTTSLPLKDCVEFCVVELHLFRRRSIWLSLFRIREFESVKKTVLGTQFQSKKRIKHTGINSNEFSIGGLRVKVLLKMCDRYQQDFLKPVGFRCLPDLSSGIFSSYRELTSLFWKHWIQTKDGQCPSGYHGSRSTEFGPTHSASNFTNTNNYNFIEQLRGNKTSGDRPTLTFRSRLCGVAFEGLWGGHKVFMVKVYVETSKFVLRHFKLH
f60a42cb-707f-4403-87ca-d48d82bf23e4,10,2024-06-21 05:12:55.386241,evodiff_OA_DM_640M,sequence_generation,"tev (monomer) scaffolding [motif_seq = GHTTSL#############HLFRR########################################################################################FWKHWIQTKDGQC###############HSASNFTNTNNY################################WGGHKVFMVK, seq_len = 237, start = 27]",T4 GPU,,2659.1219394207 Seconds,265.91219394207 Seconds (inferred),a734ae8e-f37e-4677-a9bf-859c9a5543ee,VVETPVTTPNKAGFAHPFLMAVRDALTGHTTSLAKGVPKDPVEFQWHLFRRLNSEPALLAGITKLDEPGKRLYEVWHGQNVHIGDRSHLILIDIDKPSLQPILEAYSHQAPVHNHPMAPYLAPIRRRAHMLDSAKDDWAFWKHWIQTKDGQCHICLRSHYLRESLPKHSASNFTNTNNYAIVAGSRWATGKLAEVICAGCLNELREGFIKDWGGHKVFMVKNSLAVEGRLRRRQRRR
f60a42cb-707f-4403-87ca-d48d82bf23e4,10,2024-06-21 05:12:55.386241,evodiff_OA_DM_640M,sequence_generation,"tev (monomer) scaffolding [motif_seq = GHTTSL#############HLFRR########################################################################################FWKHWIQTKDGQC###############HSASNFTNTNNY################################WGGHKVFMVK, seq_len = 237, start = 27]",T4 GPU,,2659.1219394207 Seconds,265.91219394207 Seconds (inferred),ff8e0c96-a7f5-4122-a2d1-2b0507e9cd5f,MRRKTELSVSSTSPTLTDYRNTELNKYGHTTSLLNNYKNHLKRTVPHLFRRPDELDPMQWAIRLNSTLTHTAALKKHFSAYVRCNCLSHLRQLNFHKSLEEDMNTEELSTNKKKDQPWLKGMKSKTNQREITPACRTYAFWKHWIQTKDGQCATKKCMKILRQCTGNHSASNFTNTNNYIMACEESITYNSNPYTKVSKCTKRAFMSFHITWGGHKVFMVKRGWIFCNVTGFLRWLS
f60a42cb-707f-4403-87ca-d48d82bf23e4,10,2024-06-21 05:12:55.386241,evodiff_OA_DM_640M,sequence_generation,"tev (monomer) scaffolding [motif_seq = GHTTSL#############HLFRR########################################################################################FWKHWIQTKDGQC###############HSASNFTNTNNY################################WGGHKVFMVK, seq_len = 237, start = 27]",T4 GPU,,2659.1219394207 Seconds,265.91219394207 Seconds (inferred),25d428c2-7554-4a50-bb98-9c617b9c582d,MDFSQSPVSSTNTRERFLLVKTEIDMIGHTTSLRCYIQSANEKDSGHLFRRTKPSLADCDLILIRIPSYIWVKTVRVPLARYYMGTTSRQHKIMSTKLRSYVCCDAKSETNALTEMHRTPGPSRVGLHRIIAKLDKVYSFWKHWIQTKDGQCLFNDGWFRGQSGQYIHSASNFTNTNNYVSEFHHFIGCLMLSSKFNVARSYIREEISVLLWGGHKVFMVKRSEHRRGVNWVTTHPT
f60a42cb-707f-4403-87ca-d48d82bf23e4,10,2024-06-21 05:12:55.386241,evodiff_OA_DM_640M,sequence_generation,"tev (monomer) scaffolding [motif_seq = GHTTSL#############HLFRR########################################################################################FWKHWIQTKDGQC###############HSASNFTNTNNY################################WGGHKVFMVK, seq_len = 237, start = 27]",T4 GPU,,2659.1219394207 Seconds,265.91219394207 Seconds (inferred),377ff755-4cc0-4db1-a45c-911891ab9ec0,MDKGYKQLDKTIAKIPYVYTNYNFIILGHTTSLYATFNKIYFKFVKHLFRRKIPASKIRLVKLYPINNNSDEEMYIREVIERRKTLCESDIAFVYYKTNVNKLRFSRIDSRPFFFNLLPTLDYVDKHTRDRIRASVLPNFWKHWIQTKDGQCYENLSKVENAKGLNFHSASNFTNTNNYYNMAVLPRNRDDEQLIQFIFDKSMQTTSPFMNWGGHKVFMVKMKDLPSLKERRKLSIL
f60a42cb-707f-4403-87ca-d48d82bf23e4,10,2024-06-21 05:12:55.386241,evodiff_OA_DM_640M,sequence_generation,"tev (monomer) scaffolding [motif_seq = GHTTSL#############HLFRR########################################################################################FWKHWIQTKDGQC###############HSASNFTNTNNY################################WGGHKVFMVK, seq_len = 237, start = 27]",T4 GPU,,2659.1219394207 Seconds,265.91219394207 Seconds (inferred),733fadfa-9d1b-4892-b8d8-aa98fb692f9a,MFAYSSCIIRGKWNSPPLFRIKLIFEWGHTTSLIVKEARELYLRKVHLFRRLASYWKMLAITVPHPAARKPICQILRTKSCIPHPLHHASFQFYISCSSMLVNLFSYQQWDSANRQLPSIRFSLHFGGNSWKKRFKTRVFWKHWIQTKDGQCASWHTTPPHLRSNFHHSASNFTNTNNYHCAYERGNTGNHHVLTLEVIFYSKFPVVGPTAWGGHKVFMVKVEPLDILMSGISRMTA
f60a42cb-707f-4403-87ca-d48d82bf23e4,10,2024-06-21 05:12:55.386241,evodiff_OA_DM_640M,sequence_generation,"tev (monomer) scaffolding [motif_seq = GHTTSL#############HLFRR########################################################################################FWKHWIQTKDGQC###############HSASNFTNTNNY################################WGGHKVFMVK, seq_len = 237, start = 27]",T4 GPU,,2659.1219394207 Seconds,265.91219394207 Seconds (inferred),8678410b-454d-4e58-bf77-7d904b53dac9,AKNVSSDSGEPTTTAVCHKILEIPFPNGHTTSLSTALSVQPCSGDNHLFRRNTDVVSLSPDATETCIQLPEGEGSEQVDELGNTTTPYIPMLEYPENLFSSVGPPGEKLLQAAPDAADTSGPNAPSSSSTGKSPRQCLQFWKHWIQTKDGQCGPKNGCPPAIHLQLPHSASNFTNTNNYKFKARSLAKCGLSALKKYMPTITKNTDSEYMLWGGHKVFMVKYMLQSLLSGSSEKDCW
f60a42cb-707f-4403-87ca-d48d82bf23e4,10,2024-06-21 05:12:55.386241,evodiff_OA_DM_640M,sequence_generation,"tev (monomer) scaffolding [motif_seq = GHTTSL#############HLFRR########################################################################################FWKHWIQTKDGQC###############HSASNFTNTNNY################################WGGHKVFMVK, seq_len = 237, start = 27]",T4 GPU,,2659.1219394207 Seconds,265.91219394207 Seconds (inferred),1dbc4c7f-368a-4975-8b61-b71f4731a8e3,MDSKSTPKKRYVDRGPVYHVEEHEEFIGHTTSLQNVIPRTDTRQTNHLFRRALDDDDLLDTELVPSSDIDYPIDDDGPEDGVFKEASQWECPGLKRGNAKAGLMVKKHQRNYNGHRRRKPKDQHKAPALPSRKTTQCEVFWKHWIQTKDGQCRCTLVNARDAFAGAKHSASNFTNTNNYAGCTLSPRMRQNPRIAKVDGIEHWRSGQHKNEWGGHKVFMVKNGDLIKGRLFNPLWYL
f60a42cb-707f-4403-87ca-d48d82bf23e4,10,2024-06-21 05:12:55.386241,evodiff_OA_DM_640M,sequence_generation,"tev (monomer) scaffolding [motif_seq = GHTTSL#############HLFRR########################################################################################FWKHWIQTKDGQC###############HSASNFTNTNNY################################WGGHKVFMVK, seq_len = 237, start = 27]",T4 GPU,,2659.1219394207 Seconds,265.91219394207 Seconds (inferred),89f8dd95-de96-47a3-9622-6f8857ae6d2e,MRGEKATEGDDSKFDSPRCLHSARLRNGHTTSLDHSNSVRFGTYRMHLFRRTQVCITYFTTGVSFSEQKNNRLRPLSVTASKPRPTRYLNSTTTESDWRMFTKPPPRALLHIKRTRSFLLKAYLMEAPDHQTPYKIDCAFWKHWIQTKDGQCDGNSDDDGAPEQRRRHSASNFTNTNNYTRLLFKVGGRIQLSSGESLYKIQYQSESGLSLWGGHKVFMVKGLLKMIEFPFTAIVIS
f60a42cb-707f-4403-87ca-d48d82bf23e4,10,2024-06-21 05:12:55.386241,evodiff_OA_DM_640M,sequence_generation,"tev (monomer) scaffolding [motif_seq = GHTTSL#############HLFRR########################################################################################FWKHWIQTKDGQC###############HSASNFTNTNNY################################WGGHKVFMVK, seq_len = 237, start = 27]",T4 GPU,,2659.1219394207 Seconds,265.91219394207 Seconds (inferred),362b7ae1-45b3-4e02-95c6-0788187a4fd0,MQYMNFIDEPTKKWKHTTPPSMSVQFYGHTTSLRIRSLRARGKTVYHLFRRENIKFTTENEPDISEIVQCYRIKDEDGAKRFETKQRAILRSVFKQYTQISYQGSHPAPRLVIGASRKFNQGTDIEVDHICGSRLGRTEFWKHWIQTKDGQCSVNDLTPVFKFVHDCHSASNFTNTNNYWKKLYLYRRGGVKDRNTCLYDGSKVVGEWYFAWGGHKVFMVKAFRGMTKTSVNYLMNI
f60a42cb-707f-4403-87ca-d48d82bf23e4,10,2024-06-21 05:12:55.386241,evodiff_OA_DM_640M,sequence_generation,"tev (monomer) scaffolding [motif_seq = GHTTSL#############HLFRR########################################################################################FWKHWIQTKDGQC###############HSASNFTNTNNY################################WGGHKVFMVK, seq_len = 237, start = 27]",T4 GPU,,2659.1219394207 Seconds,265.91219394207 Seconds (inferred),ceaaac16-7a5d-4a40-a598-38b1b98b1b53,MRHHLLRVPLCSEFSDDDLWLAYSRLFGHTTSLDVCNQKINPHLMQHLFRRPSRITRQFRNFLICRCSYKNGKLILLDDVVEVSKKMKMMMVEFFKYLFIPKRVRFPFILKMCVSNFVKETKELLRESTISKMRKSTLSFWKHWIQTKDGQCGKKMLLYGVSLGDAIHSASNFTNTNNYDEKFGLIVVLQSTCILNKHRSFGDSFVCRNGIWGGHKVFMVKHSLDNITKKPIWYCIS
0a4c011e-b57f-40aa-b9d5-5c07df10a40e,10,2024-06-21 05:57:14.584443,evodiff_OA_DM_640M,sequence_generation,"tev (monomer) scaffolding [motif_seq = GHTTSL#############HLFRR########################################################################################FWKHWIQTKDGQC###############HSASNFTNTNNY################################WGGHKVFMVK, seq_len = 237, start = 27]",T4 GPU,,2669.6617064476013 Seconds,266.96617064476015 Seconds (inferred),e99944f8-fa59-4643-9c2e-ee146e8c816f,MHGVVGQNLVETSLHSLVLFRIQELVWGHTTSLDFTACVQTEPSRQHLFRRFDLNTVAGFLLKQQAHRKGASKPSNLELHTEVKGGEADWPGRRSGDWPNTDDRQWRQIEEWDNHQAKKKYTQLLFRTHTCEDYQDSETFWKHWIQTKDGQCREGSGSSDALAISILHSASNFTNTNNYNNNNLTPTPQPGSHNDIKPPDMGFDLDRVRRAWGGHKVFMVKNGTGYALRVDWIIHWA
0a4c011e-b57f-40aa-b9d5-5c07df10a40e,10,2024-06-21 05:57:14.584443,evodiff_OA_DM_640M,sequence_generation,"tev (monomer) scaffolding [motif_seq = GHTTSL#############HLFRR########################################################################################FWKHWIQTKDGQC###############HSASNFTNTNNY################################WGGHKVFMVK, seq_len = 237, start = 27]",T4 GPU,,2669.6617064476013 Seconds,266.96617064476015 Seconds (inferred),80ea61f9-d361-4bfd-92ad-8aade9a20732,MIDHEMDDPTDREHATAGFAVDFHVAPGHTTSLSTQVNKVHTWGNFHLFRRHSGYILETPDPMVPSLVNVPLAIEPQQVTGKGGGLIVDATHIFWRSSVAASFLGVLFTRDFQQTFYSDEEFGVELFNATEGGMPSIRMFWKHWIQTKDGQCFHNHISYSVDTCREDHSASNFTNTNNYIFDEVGWAGGDGYDGISTRDYVRVEELRKGMPWGGHKVFMVKRDEFGFKLEKSPYGIT
0a4c011e-b57f-40aa-b9d5-5c07df10a40e,10,2024-06-21 05:57:14.584443,evodiff_OA_DM_640M,sequence_generation,"tev (monomer) scaffolding [motif_seq = GHTTSL#############HLFRR########################################################################################FWKHWIQTKDGQC###############HSASNFTNTNNY################################WGGHKVFMVK, seq_len = 237, start = 27]",T4 GPU,,2669.6617064476013 Seconds,266.96617064476015 Seconds (inferred),e4d699b6-b28a-4a15-992d-990a20b0b981,MKGQNCNREVDNWRKTNTLSKRKDLGLGHTTSLSLPLDSYSALKGIHLFRRGNTRRSSSLKADCEKSIWLTQNACMNSKPVERPVLPLTACKHVLSTEQSVQISLNQPRLQIAGEEVDRKMNWEADRLLRGVTCLIQVGFWKHWIQTKDGQCIVTDGWRTARVTNERHSASNFTNTNNYTFLFVYLVVLGFDDGKIRREWTDKLDLYLVQKWGGHKVFMVKYTLHQGCHQNGSDLNF
0a4c011e-b57f-40aa-b9d5-5c07df10a40e,10,2024-06-21 05:57:14.584443,evodiff_OA_DM_640M,sequence_generation,"tev (monomer) scaffolding [motif_seq = GHTTSL#############HLFRR########################################################################################FWKHWIQTKDGQC###############HSASNFTNTNNY################################WGGHKVFMVK, seq_len = 237, start = 27]",T4 GPU,,2669.6617064476013 Seconds,266.96617064476015 Seconds (inferred),301a86e0-e656-47ab-944c-b08e7fa2f1cb,MFDHSHKVRKIYICNDINNMVDGSRYEGHTTSLVLSEKKLEISGQWHLFRRIHLVDGSEVPLIKILNGPEYIENKNGKAPFFEFAIAVKKEGFIIDSCTWHVEYHYDWRLDSESGKSKPDGIDIITDRSGKWCLMEAPRFWKHWIQTKDGQCNQHIPRRRYYVNTFKHSASNFTNTNNYLSIPRFYRIGLHINRNSQFLRIMCPYEEPMSEWGGHKVFMVKFWSRKIQFDNSLRKSS
0a4c011e-b57f-40aa-b9d5-5c07df10a40e,10,2024-06-21 05:57:14.584443,evodiff_OA_DM_640M,sequence_generation,"tev (monomer) scaffolding [motif_seq = GHTTSL#############HLFRR########################################################################################FWKHWIQTKDGQC###############HSASNFTNTNNY################################WGGHKVFMVK, seq_len = 237, start = 27]",T4 GPU,,2669.6617064476013 Seconds,266.96617064476015 Seconds (inferred),6c524542-65f9-41bd-bf6d-a019405dfe87,MIFDIRHLAYCEDTLRVARRNLATFILGHTTSLIKSCLLPEHNEFAHLFRRKYHSLITRYYFYRGKCSRSHPLTGMVNSYFRSYKRRKKPTPVPRAQSTIQRTCIEDLPFWEKTITGSKITIDGGRGKCKGLGWSWAPLFWKHWIQTKDGQCSIHGRRRYTKVNLCHHSASNFTNTNNYNEAIGEYDALKMQDRGVRYGDTEVASGKRDMRWGGHKVFMVKGLRPEGAMQLYCGFLI
0a4c011e-b57f-40aa-b9d5-5c07df10a40e,10,2024-06-21 05:57:14.584443,evodiff_OA_DM_640M,sequence_generation,"tev (monomer) scaffolding [motif_seq = GHTTSL#############HLFRR########################################################################################FWKHWIQTKDGQC###############HSASNFTNTNNY################################WGGHKVFMVK, seq_len = 237, start = 27]",T4 GPU,,2669.6617064476013 Seconds,266.96617064476015 Seconds (inferred),7345d7f1-86e6-42ec-9f65-1ac1ed04db5e,MKPVGLTANHLNELPAEDQFIEHSQLHGHTTSLHSTDDSESIRLSPHLFRRVLLQGGEVLQKVSPSLPQKGSLDICSQIDFNKVPETTYFEDFQNRIVEQLLRDNGIRPKRYFSICNVGNFPKKLEHIYVPGNFGSETRFWKHWIQTKDGQCPSEPELDTHDENECIHSASNFTNTNNYNQDVDSNPFFFEGKPRLTISCLKPAGVVGPQRWGGHKVFMVKKDLPPKLFNPPAESKP
0a4c011e-b57f-40aa-b9d5-5c07df10a40e,10,2024-06-21 05:57:14.584443,evodiff_OA_DM_640M,sequence_generation,"tev (monomer) scaffolding [motif_seq = GHTTSL#############HLFRR########################################################################################FWKHWIQTKDGQC###############HSASNFTNTNNY################################WGGHKVFMVK, seq_len = 237, start = 27]",T4 GPU,,2669.6617064476013 Seconds,266.96617064476015 Seconds (inferred),ed3b8523-d57c-4a11-a0d1-e47726e1fb89,MILLKAAQQLFAADTSNLVFSSHKTDEGHTTSLLGALVLVVQWNLLHLFRRRGGRVNATATRHPRHSPSGDFNTTIDPARLGPTWHHSRTTSWSAALIGAGLDICNAYRYAHVHTGIQRPNLNDTANGNTISSALRPRFFWKHWIQTKDGQCDLYGITSSASVPAINHSASNFTNTNNYIHLFVLGVSTADNHTIGRGPANSYFSLLLGMTWGGHKVFMVKQGEESFRDQVWCGVKA
0a4c011e-b57f-40aa-b9d5-5c07df10a40e,10,2024-06-21 05:57:14.584443,evodiff_OA_DM_640M,sequence_generation,"tev (monomer) scaffolding [motif_seq = GHTTSL#############HLFRR########################################################################################FWKHWIQTKDGQC###############HSASNFTNTNNY################################WGGHKVFMVK, seq_len = 237, start = 27]",T4 GPU,,2669.6617064476013 Seconds,266.96617064476015 Seconds (inferred),92b59c59-831e-457a-8849-5e6a01aae7a5,MFTEQRCHDRDTVRLHVVPGYYKGRVGGHTTSLGISGEMCLLECLVHLFRRDKHRLRSGIRSAYSASLSRGFANDNMRIGFCMLGNACLVFFLYRTRTFIFLTCWELFIRSFTPNITIFNNLNLNPSYTNCLLNQATSLFWKHWIQTKDGQCSKFYFGPKPVAIVESHSASNFTNTNNYLKIMVDGVQFVSEKVPEELFDSTIIGLTVSLRWGGHKVFMVKGASITTNADFCKAFGP
0a4c011e-b57f-40aa-b9d5-5c07df10a40e,10,2024-06-21 05:57:14.584443,evodiff_OA_DM_640M,sequence_generation,"tev (monomer) scaffolding [motif_seq = GHTTSL#############HLFRR########################################################################################FWKHWIQTKDGQC###############HSASNFTNTNNY################################WGGHKVFMVK, seq_len = 237, start = 27]",T4 GPU,,2669.6617064476013 Seconds,266.96617064476015 Seconds (inferred),2d25993b-c471-4f8c-958f-8ffcf3dba060,MPELHVSRQKARMAPPIPDGHSSWLFAGHTTSLNDLNEDLLTMIFVHLFRRNDLRPFASRVTCLCSLGYLPTTTAHCIPHLFKPLDHVLGYLQTTGTLTDVRIDDFNTVPLLFGPGGKSRCSEGPEETMAGFAVTQNSNFWKHWIQTKDGQCFVGGRGRRFFKEDSCHSASNFTNTNNYDENCFRESAAAVLGVAPSNSVRVFFILWQPTLWGGHKVFMVKLSSGTTSCDVAQASST
0a4c011e-b57f-40aa-b9d5-5c07df10a40e,10,2024-06-21 05:57:14.584443,evodiff_OA_DM_640M,sequence_generation,"tev (monomer) scaffolding [motif_seq = GHTTSL#############HLFRR########################################################################################FWKHWIQTKDGQC###############HSASNFTNTNNY################################WGGHKVFMVK, seq_len = 237, start = 27]",T4 GPU,,2669.6617064476013 Seconds,266.96617064476015 Seconds (inferred),ae6e2850-c0db-43f5-b05d-59345b7769cd,GRRLSAQVETLPRKKEATRKRRQQIYRGHTTSLSSNGSAKQREWKLHLFRRASTERQGLFQQPAQYFDIAPVDPRTSCPLQWGADLASDIMDIGLPKPKTPVFRYRESTVRLPNTNVWCQTIGIRTANVSTPDCAETLKFWKHWIQTKDGQCHVYAAALEPIANSRKHSASNFTNTNNYNDGKVRLSSQFPSWIEPTPTTSAQVAPEINNGWGGHKVFMVKRVIRSSIDYQLDNDQE
75c4693c-476c-4cb4-a5a1-c8d1ec56e81d,10,2024-06-21 06:41:44.286034,evodiff_OA_DM_640M,sequence_generation,"tev (monomer) scaffolding [motif_seq = GHTTSL#############HLFRR########################################################################################FWKHWIQTKDGQC###############HSASNFTNTNNY################################WGGHKVFMVK, seq_len = 237, start = 27]",T4 GPU,,2672.645942211151 Seconds,267.2645942211151 Seconds (inferred),ff3992f3-396c-4303-b1be-8c0371c19a5d,MRKHFSKTKTTNAGDSRMEFPPASCLLGHTTSLEGRKTSGQDHVKLHLFRRVCGGLKLHTTRQFVQNNSSVSVTVSWLSYNRTFLATINFYFKPRPVLKTCFQQLLADNIAFDIAKITPKKAGYQFDLKVVIFDCVYCEFWKHWIQTKDGQCLTGASYKYSKNHRKCHSASNFTNTNNYPTFSKRCDFILFSDMEDRSDQINMSYCGKPMKWGGHKVFMVKNSTKPFKIRTNSHSFN
75c4693c-476c-4cb4-a5a1-c8d1ec56e81d,10,2024-06-21 06:41:44.286034,evodiff_OA_DM_640M,sequence_generation,"tev (monomer) scaffolding [motif_seq = GHTTSL#############HLFRR########################################################################################FWKHWIQTKDGQC###############HSASNFTNTNNY################################WGGHKVFMVK, seq_len = 237, start = 27]",T4 GPU,,2672.645942211151 Seconds,267.2645942211151 Seconds (inferred),dd7a7c0a-6587-420e-afae-cd9103afd085,MLHRERSGNESRVLPGLMMHSDAMYAGGHTTSLCGYIYDMGHVDVRHLFRRHQTLEVHEQYEKGAFHRGMIMPQRLEVGTQVTKLNSLENQTVSQNFITSVTGPPISIKDYEAVDVDIVSLSGKCSLKTRDDIQTSYLYFWKHWIQTKDGQCYNMNFFVSESPHDHFHSASNFTNTNNYPVEMKIGWVGAFHSASSSGTVRNTWSTLFSLGWGGHKVFMVKSKSRDARPDRGRSGGF
75c4693c-476c-4cb4-a5a1-c8d1ec56e81d,10,2024-06-21 06:41:44.286034,evodiff_OA_DM_640M,sequence_generation,"tev (monomer) scaffolding [motif_seq = GHTTSL#############HLFRR########################################################################################FWKHWIQTKDGQC###############HSASNFTNTNNY################################WGGHKVFMVK, seq_len = 237, start = 27]",T4 GPU,,2672.645942211151 Seconds,267.2645942211151 Seconds (inferred),b6ec371f-660a-4911-9a30-113f101e7943,GGILFTISSDRILNHHFNILKDNVPCCGHTTSLSRMALRHNCSICRHLFRRDNILMDGAGYAIFAVHRNSEALMWVRSLANESDVEFVDKFANTISVCVSGIVYYNRYDLSLANRHGCAISECCSGVCLLEKKTPQVSDFWKHWIQTKDGQCCWRFPENDIVEILSKHSASNFTNTNNYIILSNSADDIPGVSVDKYVKRVFYGRGTGSPEWGGHKVFMVKVATELPEKCCGTYPVK
75c4693c-476c-4cb4-a5a1-c8d1ec56e81d,10,2024-06-21 06:41:44.286034,evodiff_OA_DM_640M,sequence_generation,"tev (monomer) scaffolding [motif_seq = GHTTSL#############HLFRR########################################################################################FWKHWIQTKDGQC###############HSASNFTNTNNY################################WGGHKVFMVK, seq_len = 237, start = 27]",T4 GPU,,2672.645942211151 Seconds,267.2645942211151 Seconds (inferred),f0d9ddf4-83cd-45e2-9dae-890ee5eb203a,MRPMRKKKARESGLQGQRIQRLVYVQYGHTTSLATVKTPPPFPKQPHLFRRHFCESSVSSLQTLENKNDCPFKRRITVNVRHNTTRATICVDLCTSSMDAGMQTRKTASLEQCNSRTVFNKPYQMESDSNSVFKNTNNRFWKHWIQTKDGQCIDVVAIQLERRPIDKHSASNFTNTNNYQNLKKCNISSRGDVAYPDGTIVIHVQGAYPTPWGGHKVFMVKQFCNVVHMLGLVESFS
75c4693c-476c-4cb4-a5a1-c8d1ec56e81d,10,2024-06-21 06:41:44.286034,evodiff_OA_DM_640M,sequence_generation,"tev (monomer) scaffolding [motif_seq = GHTTSL#############HLFRR########################################################################################FWKHWIQTKDGQC###############HSASNFTNTNNY################################WGGHKVFMVK, seq_len = 237, start = 27]",T4 GPU,,2672.645942211151 Seconds,267.2645942211151 Seconds (inferred),d38b2c70-7dca-4ff4-9e50-d3c4cc3d8050,HKFCEYAKFNESNRSCGGNSSQQRSSPGHTTSLDLVHETGDDNHYLHLFRRRCSAVIMAGDLPNWFLAKRIIRGKTELAVATFDLEGPQDGEVQHFEAFVFASNPARKGAEHLETTTVQTAGINRPFYDLLESTCAFVQFWKHWIQTKDGQCRSSRAQAGRPKEDWEHSASNFTNTNNYGKSTKFLKTSTAFHGNNAVLDKPQRWKFLGVAWGGHKVFMVKRGSRTHGCTKFVFNMH
75c4693c-476c-4cb4-a5a1-c8d1ec56e81d,10,2024-06-21 06:41:44.286034,evodiff_OA_DM_640M,sequence_generation,"tev (monomer) scaffolding [motif_seq = GHTTSL#############HLFRR########################################################################################FWKHWIQTKDGQC###############HSASNFTNTNNY################################WGGHKVFMVK, seq_len = 237, start = 27]",T4 GPU,,2672.645942211151 Seconds,267.2645942211151 Seconds (inferred),b743cd23-28b7-4027-a9f7-119954e3b44c,MEEKAYCPTARKHLVKAEEHNVSSCTRGHTTSLDQAYGNLLVKYINHLFRRLDSQLEDTPYLQVYVQSGMGGQGPWITDMFNESVNNSILMLFAYGRNFLSQPMPDASARAFALEDMMMNGARMPPMHVNRILLEDKVYFWKHWIQTKDGQCHTNEAVVPQIVREIHHSASNFTNTNNYTHVTRDSLSAFAHRVSSRCRAAPVESGLTRWLWGGHKVFMVKEPAPKYGDEDSAAGSP
75c4693c-476c-4cb4-a5a1-c8d1ec56e81d,10,2024-06-21 06:41:44.286034,evodiff_OA_DM_640M,sequence_generation,"tev (monomer) scaffolding [motif_seq = GHTTSL#############HLFRR########################################################################################FWKHWIQTKDGQC###############HSASNFTNTNNY################################WGGHKVFMVK, seq_len = 237, start = 27]",T4 GPU,,2672.645942211151 Seconds,267.2645942211151 Seconds (inferred),c2786a5d-8c59-4f16-9568-e6c7131bfc16,MFAIVALLLLLTSVISAKGSTVAAKLAGHTTSLQTEQQQSSSSFWTHLFRRYLNEADNSTTKNQDLRRAVPPPIAASAHCDAPEMQWFNAPQNNRLESNGSDSFLGWCTVLASADRSSCTYGHLYPQTRRDLFYFDRSRFWKHWIQTKDGQCWSFPRPSRYRYTFHCHSASNFTNTNNYNQDPSFPLTNTFSDPSEIDSLKRSCFTPRTAYWGGHKVFMVKDQKQVPGFSVDNVRYA
75c4693c-476c-4cb4-a5a1-c8d1ec56e81d,10,2024-06-21 06:41:44.286034,evodiff_OA_DM_640M,sequence_generation,"tev (monomer) scaffolding [motif_seq = GHTTSL#############HLFRR########################################################################################FWKHWIQTKDGQC###############HSASNFTNTNNY################################WGGHKVFMVK, seq_len = 237, start = 27]",T4 GPU,,2672.645942211151 Seconds,267.2645942211151 Seconds (inferred),072afe19-bfb3-4497-a674-faf929d5971c,MASVAYVEPTSTIQVASCRDVLKAKSSGHTTSLAFHDSLSSTASLRHLFRRIVHHHPQSIGLMDGQVGFVRKMELIRVSPRLSTSVSSKIQVPGSFKLNFDKMMEELTEKAIHDHGADFENTYCEDISHISELHTSTNAFWKHWIQTKDGQCSGLSADVCEVLYEPYHSASNFTNTNNYFTHAEVSCTKSPNLRCGLSNCSTKTECIRLNKWGGHKVFMVKNPFPKFRIYGPYNSGN
75c4693c-476c-4cb4-a5a1-c8d1ec56e81d,10,2024-06-21 06:41:44.286034,evodiff_OA_DM_640M,sequence_generation,"tev (monomer) scaffolding [motif_seq = GHTTSL#############HLFRR########################################################################################FWKHWIQTKDGQC###############HSASNFTNTNNY################################WGGHKVFMVK, seq_len = 237, start = 27]",T4 GPU,,2672.645942211151 Seconds,267.2645942211151 Seconds (inferred),e76e32fc-7b02-43c2-b8d3-97acbe9d5c30,MAEHRVRAEIHHVKPTDNRNGDSGTVKGHTTSLRLHRKHGLEVGTCHLFRRIYTTAETYRPPRNVDGPPYAATSNARTTKSEALGTMTALTTRLRLKEPTQLGKLSSLFLVSANRWSVADNKSHTHLFLQLKKRMPPSFFWKHWIQTKDGQCISHANLVFNQLSIFQHSASNFTNTNNYKPSNTHVCHLWICMSLISIVLGIREGERRVFSWGGHKVFMVKIDSFSLVGTFRLGFPR
75c4693c-476c-4cb4-a5a1-c8d1ec56e81d,10,2024-06-21 06:41:44.286034,evodiff_OA_DM_640M,sequence_generation,"tev (monomer) scaffolding [motif_seq = GHTTSL#############HLFRR########################################################################################FWKHWIQTKDGQC###############HSASNFTNTNNY################################WGGHKVFMVK, seq_len = 237, start = 27]",T4 GPU,,2672.645942211151 Seconds,267.2645942211151 Seconds (inferred),33d056c4-86be-4729-aad3-7c1ba6c2f613,AATQSIKSASWPREVKEPFSNAEGRDSGHTTSLSLDFQNFYNSSFIHLFRRTYRDSWSLLPHLSDVSDIESVVSVHNHDGKFVSAHVHVKTPSPEETTGLSAQKQAAPKSQKKQTLKTPAVPTMPVHNRRSADIKQEVSFWKHWIQTKDGQCKEKTKPYKLILTGEGHSASNFTNTNNYDMKVCKSPPSLSQPPFYPREPKGIHLIHSIRMWGGHKVFMVKHYSDLIEEKSNPEAHN
066d8b01-fee4-411e-9b7f-b290af48bd61,10,2024-06-21 07:26:16.963557,evodiff_OA_DM_640M,sequence_generation,"tev (monomer) scaffolding [motif_seq = GHTTSL#############HLFRR########################################################################################FWKHWIQTKDGQC###############HSASNFTNTNNY################################WGGHKVFMVK, seq_len = 237, start = 27]",T4 GPU,,2667.9612810611725 Seconds,266.79612810611724 Seconds (inferred),c5144a0f-173d-4a7e-b54d-89ac1dbf0143,WITVDWFLTQLQQDVKHWCVNVSRFLYGHTTSLLRHAHPLSSDTTTHLFRRNKSGLRPKAVVVKPTREHIPNSWPAQVKRQASVPSYPRLLHTVSTFRGNAPRHCGTVNIPPAATEAPLSSILTRDRQCCVHACVSVFPFWKHWIQTKDGQCILSARKSLEHNTKAAHSASNFTNTNNYKRFDYDCTRNLDPTCSCQFKRVFRIFPWEILSWGGHKVFMVKKKKEGQEKRSRKKVDT
066d8b01-fee4-411e-9b7f-b290af48bd61,10,2024-06-21 07:26:16.963557,evodiff_OA_DM_640M,sequence_generation,"tev (monomer) scaffolding [motif_seq = GHTTSL#############HLFRR########################################################################################FWKHWIQTKDGQC###############HSASNFTNTNNY################################WGGHKVFMVK, seq_len = 237, start = 27]",T4 GPU,,2667.9612810611725 Seconds,266.79612810611724 Seconds (inferred),1cf9e521-07b7-456a-ac5d-0462a2f88dde,MPNWLHFPSTDLSAILEFVWEGLQSGLGHTTSLFEMSCWQQTGHWLHLFRRFDFESWKTETIPSWITEALMVNNRAWESVFLRFSSSWKCRCGLLLGSFTLLGVFWERVNLRLKQGRLWKIGMQMAVKTSAMVAKFGNVFWKHWIQTKDGQCFVASENHPCGEQNNLHSASNFTNTNNYVDFFFFIHVTTTRTSIFYILHSFGTQKLLTLIWGGHKVFMVKHLVFCHVCLWGCDENT
066d8b01-fee4-411e-9b7f-b290af48bd61,10,2024-06-21 07:26:16.963557,evodiff_OA_DM_640M,sequence_generation,"tev (monomer) scaffolding [motif_seq = GHTTSL#############HLFRR########################################################################################FWKHWIQTKDGQC###############HSASNFTNTNNY################################WGGHKVFMVK, seq_len = 237, start = 27]",T4 GPU,,2667.9612810611725 Seconds,266.79612810611724 Seconds (inferred),afbf5394-7386-4030-93e9-008990c1a9e6,MPISNYPWRIVPETAAVFLNRPKVVKGGHTTSLSVQRFPVKLRLIDHLFRRKIRRRENGLDAQYLSLKDLLPCSHFVTPSAASPSPPVKPCCLRSHLVKTFKGLVLPSVVSWARVSRFRLNIHSGLHKLRCVSRQAIQSFWKHWIQTKDGQCVLLTAQPGQAVLKRFHSASNFTNTNNYAYSKPKSGPDSAPGGPAGGMGAGLSGQPSGPRWGGHKVFMVKGAWSCNAPSVTRKAAL
066d8b01-fee4-411e-9b7f-b290af48bd61,10,2024-06-21 07:26:16.963557,evodiff_OA_DM_640M,sequence_generation,"tev (monomer) scaffolding [motif_seq = GHTTSL#############HLFRR########################################################################################FWKHWIQTKDGQC###############HSASNFTNTNNY################################WGGHKVFMVK, seq_len = 237, start = 27]",T4 GPU,,2667.9612810611725 Seconds,266.79612810611724 Seconds (inferred),779b99de-3c64-4f37-bd9a-eab13558b0bd,MPTGLGTNASLMGARSTWAIFFPGTRQGHTTSLDVSNTTAILLTSEHLFRRLVYNRIVRRPEMTVVLNAPSADVVRLYKDGNDVKVQVFLKKSHSTRRDRPKLYNVSVARRLDGVLRLSYGWISASASNVTIVVPGILPFWKHWIQTKDGQCVMVNSLANDSKTFDRHSASNFTNTNNYPRYHLELKVRNQESIAEWKSNDSISMHRVAERWGGHKVFMVKEVCSLDNPNIEQRNIS
066d8b01-fee4-411e-9b7f-b290af48bd61,10,2024-06-21 07:26:16.963557,evodiff_OA_DM_640M,sequence_generation,"tev (monomer) scaffolding [motif_seq = GHTTSL#############HLFRR########################################################################################FWKHWIQTKDGQC###############HSASNFTNTNNY################################WGGHKVFMVK, seq_len = 237, start = 27]",T4 GPU,,2667.9612810611725 Seconds,266.79612810611724 Seconds (inferred),291fa068-3e27-402b-bd90-08da22334c29,MEYLRCRSDITYLSREGIWAVHLWRNVGHTTSLRDLWACAATAGGPHLFRRVMEHQACEYTLFKLGEAISQNLPEPDLPVLDDNPTFTKPIGTPHAINNTDSFGRSTTEDVLNRGADVRITFDIGLRENGEILHQWWRSFWKHWIQTKDGQCEPITFPYRSFELPVWHSASNFTNTNNYPFNRFNVVDINFRSRLDFIVEFPKIHQIALGIWGGHKVFMVKDTLANDLREMEGAINL
066d8b01-fee4-411e-9b7f-b290af48bd61,10,2024-06-21 07:26:16.963557,evodiff_OA_DM_640M,sequence_generation,"tev (monomer) scaffolding [motif_seq = GHTTSL#############HLFRR########################################################################################FWKHWIQTKDGQC###############HSASNFTNTNNY################################WGGHKVFMVK, seq_len = 237, start = 27]",T4 GPU,,2667.9612810611725 Seconds,266.79612810611724 Seconds (inferred),7a2e6185-0531-4a24-b1ef-8fcc6491bf7a,YLLPHPVVHTISFLHPEPILFHFVTHFGHTTSLLLYHSLLFPILFIHLFRRFHRHRHLVLRVPHRLVSRWQCFLSPWLLYRSNCNSVHHTSSLSALSGAERCLFEHWCHSERLPPNLKRHAHVPNYQFWNRHAKKPKEKFWKHWIQTKDGQCEKWFKLPSSSNSLGKHSASNFTNTNNYDDDDDNLLYRTHGHTSSIISDQYDIDDDSSGDWGGHKVFMVKNDLGKIFTKNGFSNKT
066d8b01-fee4-411e-9b7f-b290af48bd61,10,2024-06-21 07:26:16.963557,evodiff_OA_DM_640M,sequence_generation,"tev (monomer) scaffolding [motif_seq = GHTTSL#############HLFRR########################################################################################FWKHWIQTKDGQC###############HSASNFTNTNNY################################WGGHKVFMVK, seq_len = 237, start = 27]",T4 GPU,,2667.9612810611725 Seconds,266.79612810611724 Seconds (inferred),b3820601-fed7-4cb3-9485-38e8ab90a9fe,MRIEAGFHGHENGPWLTPSFRVSTHDIGHTTSLKNGFNIPPGPDIRHLFRRRPVSDSSTGVSVCNLHFDSLTVKVEMQSREDITSMETLVITLRRGKLVGIDSFKGRIHVGTIDYGIDNKTAAMMDVGARLADWNFKGRFWKHWIQTKDGQCHNPENLVLYPLTHYGHSASNFTNTNNYHGRQKGPIFFYQEEEPVAIQTQKIIDTGHYVPWGGHKVFMVKFNSQWKLKKIVNKERL
066d8b01-fee4-411e-9b7f-b290af48bd61,10,2024-06-21 07:26:16.963557,evodiff_OA_DM_640M,sequence_generation,"tev (monomer) scaffolding [motif_seq = GHTTSL#############HLFRR########################################################################################FWKHWIQTKDGQC###############HSASNFTNTNNY################################WGGHKVFMVK, seq_len = 237, start = 27]",T4 GPU,,2667.9612810611725 Seconds,266.79612810611724 Seconds (inferred),312db163-8e33-4b17-9113-ec014c52f9cd,MLHHTLSAHNQPATFKTVGRRFCDIAKGHTTSLGINPFAYDFLAFMHLFRRRNDGNQHQRQRKEGQIDLPSRLMAFSRHSSFLGRIFLISSSNLADCLPLAVRLQRLANRDLYNMAVQLPILFTSFLFAPWLLSQTLPLFWKHWIQTKDGQCRMVPTVPACCFIRAIHSASNFTNTNNYTLGTVERLNAAPDQPPHSCRWPRRCRILSTLSWGGHKVFMVKSSRESRGGCDCSGQGD
066d8b01-fee4-411e-9b7f-b290af48bd61,10,2024-06-21 07:26:16.963557,evodiff_OA_DM_640M,sequence_generation,"tev (monomer) scaffolding [motif_seq = GHTTSL#############HLFRR########################################################################################FWKHWIQTKDGQC###############HSASNFTNTNNY################################WGGHKVFMVK, seq_len = 237, start = 27]",T4 GPU,,2667.9612810611725 Seconds,266.79612810611724 Seconds (inferred),77e0d738-5176-4d6b-bb1a-7360a2f948db,MNAGINPVYLFLVLILFSFLWIDFLNLGHTTSLDIDLDIMEQYISIHLFRRLIHCLRRSPTGWRAKLARGTKLSWCAPHPWFEFVYGPSDEEQLESLTIAYVEHFTSVLGRRLSNEKVPKHGISLWDSGSFRLISAFRVFWKHWIQTKDGQCAGADGCNFQRERKLQHSASNFTNTNNYRKLYEFVLPGTKDRSRKVECRMCILCKRPPLPWGGHKVFMVKDWELSHQVSGEFIGEG
066d8b01-fee4-411e-9b7f-b290af48bd61,10,2024-06-21 07:26:16.963557,evodiff_OA_DM_640M,sequence_generation,"tev (monomer) scaffolding [motif_seq = GHTTSL#############HLFRR########################################################################################FWKHWIQTKDGQC###############HSASNFTNTNNY################################WGGHKVFMVK, seq_len = 237, start = 27]",T4 GPU,,2667.9612810611725 Seconds,266.79612810611724 Seconds (inferred),daa5b2e6-d5ad-4944-b228-ea545def9ab5,MSGAERFQLLFEGLDIRRNSSVEMPPQGHTTSLNQRLFTVNTSSYFHLFRRTTALSTEPMSRIGERPRFLSWKKFLLVPALSASWFAIHPGPVNSVISATSPITLYLSRILHVIRTSDTLSIWKLLKTAKTLSQLISKIFWKHWIQTKDGQCFHEIFTYMHKWIMADHSASNFTNTNNYLQERIQQQNPTVAVGLGVFLAIVALLIVAVICWGGHKVFMVKPSPVATSTSAPEETKL
01557e20-af59-4e87-95a3-51b339d93c6d,10,2024-06-21 08:10:44.967653,evodiff_OA_DM_640M,sequence_generation,"tev (monomer) scaffolding [motif_seq = GHTTSL#############HLFRR########################################################################################FWKHWIQTKDGQC###############HSASNFTNTNNY################################WGGHKVFMVK, seq_len = 237, start = 27]",T4 GPU,,2672.128687620163 Seconds,267.2128687620163 Seconds (inferred),5a03f13b-222f-4493-b7e2-e454684640fa,MDFQQLTIDSVHEVRPSNPPRLGYSVIGHTTSLLVCALADLFLPWSHLFRRQTCKYSDLLCVKTSLSSAHRESSKDSEDESSRQKRDMHIVKCASNVSVENALVTYLKRVIAKLSQEWITAENNQSSFEENFAKIYNPVFWKHWIQTKDGQCVELPKLKLEYNQLLEHSASNFTNTNNYQPKVDTTVILIIYSYMQTLQNSLFYLVSLLFKWGGHKVFMVKSPWIIVNEVICVLDCG
01557e20-af59-4e87-95a3-51b339d93c6d,10,2024-06-21 08:10:44.967653,evodiff_OA_DM_640M,sequence_generation,"tev (monomer) scaffolding [motif_seq = GHTTSL#############HLFRR########################################################################################FWKHWIQTKDGQC###############HSASNFTNTNNY################################WGGHKVFMVK, seq_len = 237, start = 27]",T4 GPU,,2672.128687620163 Seconds,267.2128687620163 Seconds (inferred),4e156538-8360-48cd-89ff-08053f6cdd71,MFNPAIPDQSYFDIYSRTDSIDISVIPGHTTSLEKQDVDLATSGANHLFRRVDAVTYDPKYYSSKTDLNGKTVRQINDTNHTKETPASIDWKALGDKMKGKYVAFSGIEAHKYDSKHTLKESNNNDDNNNYDHNNFGRIFWKHWIQTKDGQCKGNFFCPTGWDTTDNHSASNFTNTNNYKAAHAYTGQDNDYSEYNDDTNKEKTDNEDPACWGGHKVFMVKHTVGDAIPTPESCWNP
01557e20-af59-4e87-95a3-51b339d93c6d,10,2024-06-21 08:10:44.967653,evodiff_OA_DM_640M,sequence_generation,"tev (monomer) scaffolding [motif_seq = GHTTSL#############HLFRR########################################################################################FWKHWIQTKDGQC###############HSASNFTNTNNY################################WGGHKVFMVK, seq_len = 237, start = 27]",T4 GPU,,2672.128687620163 Seconds,267.2128687620163 Seconds (inferred),e1abab66-46de-46f4-945e-527f87ee476f,MDSTQYGMSIQTNQPASKASDLMTILSGHTTSLQIQAMKKINLNLVHLFRRRFRTALAAVPPGIGCSGKNINLFQLPLTVPASTCTDVLGMDRMSLYWITRIRFRSSVLNAAKEEKSGVNYTQKITTKDTKSEIKNAGFFWKHWIQTKDGQCSISIRSRDPRIPDRLHSASNFTNTNNYYIQNNFKYIPSPLANCNDLSTMNSHAERSKDRWGGHKVFMVKPILWISDLSYHDNNCD
01557e20-af59-4e87-95a3-51b339d93c6d,10,2024-06-21 08:10:44.967653,evodiff_OA_DM_640M,sequence_generation,"tev (monomer) scaffolding [motif_seq = GHTTSL#############HLFRR########################################################################################FWKHWIQTKDGQC###############HSASNFTNTNNY################################WGGHKVFMVK, seq_len = 237, start = 27]",T4 GPU,,2672.128687620163 Seconds,267.2128687620163 Seconds (inferred),8efbd8e8-aa7d-40b6-b211-573b18aa37c3,MIASQISSGQISQQSDPHCLRKPSLHRGHTTSLRSCVFCRRLGRMGHLFRRQHGILNQQSNGVMTYHTCLSLSEQASKYPNVVHVQKPNQSSYHCGLKNPLWPNWICECVERAETADQRYFRKIDEYFTPTHKFEITNAFWKHWIQTKDGQCDNKDLLNTHRQRYRRHSASNFTNTNNYLYHLDELKMRLLWKKYFTCPELAPWFNKSRTWWGGHKVFMVKRDDTYVYDNAEAFDCH
01557e20-af59-4e87-95a3-51b339d93c6d,10,2024-06-21 08:10:44.967653,evodiff_OA_DM_640M,sequence_generation,"tev (monomer) scaffolding [motif_seq = GHTTSL#############HLFRR########################################################################################FWKHWIQTKDGQC###############HSASNFTNTNNY################################WGGHKVFMVK, seq_len = 237, start = 27]",T4 GPU,,2672.128687620163 Seconds,267.2128687620163 Seconds (inferred),d1caf119-788e-4a87-b598-e948ff84e3ad,MFWVYMPMWTGTQSLPEDRDLPVTNVGGHTTSLITVFNSIIDKIPKHLFRRRGRVVSEWDGLFNSLTAASLYVRERAVFLGINNELNPPCEWRSIKQPRIDWNDLVKQSLKLKLHEKPRDRQRAISIEYAATERETRECFWKHWIQTKDGQCHTCSSYDHLFGLVVRHSASNFTNTNNYPPSILKPIQEWFPAPTPVIQAVPRREYRLKVPWGGHKVFMVKLQDSVPVIRNLVEANK
01557e20-af59-4e87-95a3-51b339d93c6d,10,2024-06-21 08:10:44.967653,evodiff_OA_DM_640M,sequence_generation,"tev (monomer) scaffolding [motif_seq = GHTTSL#############HLFRR########################################################################################FWKHWIQTKDGQC###############HSASNFTNTNNY################################WGGHKVFMVK, seq_len = 237, start = 27]",T4 GPU,,2672.128687620163 Seconds,267.2128687620163 Seconds (inferred),4814db58-7093-4f80-9711-1aaaee4ce751,MQRGREAFIHQCLALLPGSESCRCLWEGHTTSLRELKYSVLIPRSLHLFRRSWYDPRFFFLIIFWMGFLLSIKFFSFSGLHFKSKITNGSRTEEIRESKYSLRDDSMFRNLQCALLLGNNTTFASTSLALVLLQWSLMYFWKHWIQTKDGQCKYWLFIFYHLLTSRVHSASNFTNTNNYVLICGALCSLVWLNSLGWVLIYYFMNHEVAQNWGGHKVFMVKCAYWARCQNNCKKIQE
01557e20-af59-4e87-95a3-51b339d93c6d,10,2024-06-21 08:10:44.967653,evodiff_OA_DM_640M,sequence_generation,"tev (monomer) scaffolding [motif_seq = GHTTSL#############HLFRR########################################################################################FWKHWIQTKDGQC###############HSASNFTNTNNY################################WGGHKVFMVK, seq_len = 237, start = 27]",T4 GPU,,2672.128687620163 Seconds,267.2128687620163 Seconds (inferred),e8d3d9ed-d7bc-44e6-8a1c-32d75c88d163,IECGRVRSVSCFVFVNLLLDDPFVIVIGHTTSLVFWGVKYSVFDHHHLFRRLGRAQNSVGESHLMPGVLSLAEPKMSQLTLYENNLRKRPTLGIADVYEEKYSAKAECHYKKSATSKRGKSIKKTGKINEAADQEKVGLFWKHWIQTKDGQCGTSAILNTRQSARSTHSASNFTNTNNYSIVTDRVSPSQITKSHNITQGLPGNQIAPISKWGGHKVFMVKFPLGLDSKGPSIGTSA
01557e20-af59-4e87-95a3-51b339d93c6d,10,2024-06-21 08:10:44.967653,evodiff_OA_DM_640M,sequence_generation,"tev (monomer) scaffolding [motif_seq = GHTTSL#############HLFRR########################################################################################FWKHWIQTKDGQC###############HSASNFTNTNNY################################WGGHKVFMVK, seq_len = 237, start = 27]",T4 GPU,,2672.128687620163 Seconds,267.2128687620163 Seconds (inferred),62e4bc85-a0a2-4871-bb00-2cb1a29048e8,IPNPHVRLPSQRRRNGAVFLGGQPSGLGHTTSLESTDALHEHQASVHLFRRALHIPPPLEQSRRPRLSTVGGDDNMNMGLGHRPAHEGLSAYPSTVTPVVPSGTLELGRCFLKPYTQDSPDHSLRQTPSSSSSPPRQYNFWKHWIQTKDGQCKDSRALATHALQCSQHSASNFTNTNNYNRSKKQILHTAIYWHSISKWFYQSKIMSRVRQWGGHKVFMVKKELFTEEIPTIPNKFS
01557e20-af59-4e87-95a3-51b339d93c6d,10,2024-06-21 08:10:44.967653,evodiff_OA_DM_640M,sequence_generation,"tev (monomer) scaffolding [motif_seq = GHTTSL#############HLFRR########################################################################################FWKHWIQTKDGQC###############HSASNFTNTNNY################################WGGHKVFMVK, seq_len = 237, start = 27]",T4 GPU,,2672.128687620163 Seconds,267.2128687620163 Seconds (inferred),64a5fbbd-1520-46a5-af76-1f6ee923fda4,SGRSSQKDCSTPTLLRRLGFKFFCVSQGHTTSLPPKKKTNAECGSQHLFRRSSPRNRYTNLIFDTKIEKLAGCMMNQSQSSWQEIQLIRRAKKHSADEGGITIRDDCSPDKDIVPSHSTTEPWADSLFIVIWVPRKENRFWKHWIQTKDGQCKVKPGGVMDYTTSNGHSASNFTNTNNYIDYTTARSSPRDTNQPWRCSTCYWARMDPVGIWGGHKVFMVKGIAVVLECYRTRDFWR
01557e20-af59-4e87-95a3-51b339d93c6d,10,2024-06-21 08:10:44.967653,evodiff_OA_DM_640M,sequence_generation,"tev (monomer) scaffolding [motif_seq = GHTTSL#############HLFRR########################################################################################FWKHWIQTKDGQC###############HSASNFTNTNNY################################WGGHKVFMVK, seq_len = 237, start = 27]",T4 GPU,,2672.128687620163 Seconds,267.2128687620163 Seconds (inferred),c043a3fe-01ae-4751-89eb-859c144a4f6a,MRAMMSISVAVQHFVIGVRQTCNFSSSGHTTSLEKASPKRFKPKSIHLFRRHSIREGVPKTGGSRTILYGGYGGPRPLTQPLKDVKDGYIPGSLTPVCSVDIDNMLTIPYMKRWIFATEIPRGQGWSNQEVYEFLIEDKFWKHWIQTKDGQCVVSLKTLGLLKYASLHSASNFTNTNNYLMNVNPNGVDPEVIRPEDKAEVEANLMALLEKWGGHKVFMVKDRLDRAILQASELVLP
