batch_id,batch_size,Timestamp,model,task,conditions,gpu,wall_time_batch,wall_time_task,entity_id,output_file_name
5d338c8c-4256-444c-a65b-3d9f31625a13,50,2024-06-17 23:38:35.660908,protpardelle,all_atom_pdb_generation,"tev (monomer) scaffolding [--resample_idxs 0-27,33-46,51-139,152-167,179-211,221-237]",T4 GPU,308.16720271110535 Seconds,6.163344054222107 Seconds (inferred),14f7adcc-9be9-4074-a781-b3bfa429d34c,protpardelle_tev_14f7adcc-9be9-4074-a781-b3bfa429d34c.pdb
5d338c8c-4256-444c-a65b-3d9f31625a13,50,2024-06-17 23:38:35.660908,protpardelle,all_atom_pdb_generation,"tev (monomer) scaffolding [--resample_idxs 0-27,33-46,51-139,152-167,179-211,221-237]",T4 GPU,308.16720271110535 Seconds,6.163344054222107 Seconds (inferred),ed65ed19-f5b5-4907-ac7c-b1dfb5154906,protpardelle_tev_ed65ed19-f5b5-4907-ac7c-b1dfb5154906.pdb
5d338c8c-4256-444c-a65b-3d9f31625a13,50,2024-06-17 23:38:35.660908,protpardelle,all_atom_pdb_generation,"tev (monomer) scaffolding [--resample_idxs 0-27,33-46,51-139,152-167,179-211,221-237]",T4 GPU,308.16720271110535 Seconds,6.163344054222107 Seconds (inferred),def79f7f-ccb4-48d5-82ba-ad9dd16bacdf,protpardelle_tev_def79f7f-ccb4-48d5-82ba-ad9dd16bacdf.pdb
5d338c8c-4256-444c-a65b-3d9f31625a13,50,2024-06-17 23:38:35.660908,protpardelle,all_atom_pdb_generation,"tev (monomer) scaffolding [--resample_idxs 0-27,33-46,51-139,152-167,179-211,221-237]",T4 GPU,308.16720271110535 Seconds,6.163344054222107 Seconds (inferred),9790d231-4666-4843-80a8-0623d3534cc7,protpardelle_tev_9790d231-4666-4843-80a8-0623d3534cc7.pdb
5d338c8c-4256-444c-a65b-3d9f31625a13,50,2024-06-17 23:38:35.660908,protpardelle,all_atom_pdb_generation,"tev (monomer) scaffolding [--resample_idxs 0-27,33-46,51-139,152-167,179-211,221-237]",T4 GPU,308.16720271110535 Seconds,6.163344054222107 Seconds (inferred),bfc747e6-2fb5-4530-90ae-ac39f2331556,protpardelle_tev_bfc747e6-2fb5-4530-90ae-ac39f2331556.pdb
5d338c8c-4256-444c-a65b-3d9f31625a13,50,2024-06-17 23:38:35.660908,protpardelle,all_atom_pdb_generation,"tev (monomer) scaffolding [--resample_idxs 0-27,33-46,51-139,152-167,179-211,221-237]",T4 GPU,308.16720271110535 Seconds,6.163344054222107 Seconds (inferred),705101de-9727-4089-9911-5c53fd71a8ca,protpardelle_tev_705101de-9727-4089-9911-5c53fd71a8ca.pdb
5d338c8c-4256-444c-a65b-3d9f31625a13,50,2024-06-17 23:38:35.660908,protpardelle,all_atom_pdb_generation,"tev (monomer) scaffolding [--resample_idxs 0-27,33-46,51-139,152-167,179-211,221-237]",T4 GPU,308.16720271110535 Seconds,6.163344054222107 Seconds (inferred),522f9d99-a796-484d-9e8c-18aa386e5fe4,protpardelle_tev_522f9d99-a796-484d-9e8c-18aa386e5fe4.pdb
5d338c8c-4256-444c-a65b-3d9f31625a13,50,2024-06-17 23:38:35.660908,protpardelle,all_atom_pdb_generation,"tev (monomer) scaffolding [--resample_idxs 0-27,33-46,51-139,152-167,179-211,221-237]",T4 GPU,308.16720271110535 Seconds,6.163344054222107 Seconds (inferred),57051c50-f87a-44fb-8fb3-dca7b1574eb8,protpardelle_tev_57051c50-f87a-44fb-8fb3-dca7b1574eb8.pdb
5d338c8c-4256-444c-a65b-3d9f31625a13,50,2024-06-17 23:38:35.660908,protpardelle,all_atom_pdb_generation,"tev (monomer) scaffolding [--resample_idxs 0-27,33-46,51-139,152-167,179-211,221-237]",T4 GPU,308.16720271110535 Seconds,6.163344054222107 Seconds (inferred),61a75ca3-6f78-4a33-84ac-740eb8fb938b,protpardelle_tev_61a75ca3-6f78-4a33-84ac-740eb8fb938b.pdb
5d338c8c-4256-444c-a65b-3d9f31625a13,50,2024-06-17 23:38:35.660908,protpardelle,all_atom_pdb_generation,"tev (monomer) scaffolding [--resample_idxs 0-27,33-46,51-139,152-167,179-211,221-237]",T4 GPU,308.16720271110535 Seconds,6.163344054222107 Seconds (inferred),4b3b617b-6790-4356-a062-c008345c9207,protpardelle_tev_4b3b617b-6790-4356-a062-c008345c9207.pdb
5d338c8c-4256-444c-a65b-3d9f31625a13,50,2024-06-17 23:38:35.660908,protpardelle,all_atom_pdb_generation,"tev (monomer) scaffolding [--resample_idxs 0-27,33-46,51-139,152-167,179-211,221-237]",T4 GPU,308.16720271110535 Seconds,6.163344054222107 Seconds (inferred),9cccd7d7-2f9f-45f4-be1d-2d8f84b0f2b5,protpardelle_tev_9cccd7d7-2f9f-45f4-be1d-2d8f84b0f2b5.pdb
5d338c8c-4256-444c-a65b-3d9f31625a13,50,2024-06-17 23:38:35.660908,protpardelle,all_atom_pdb_generation,"tev (monomer) scaffolding [--resample_idxs 0-27,33-46,51-139,152-167,179-211,221-237]",T4 GPU,308.16720271110535 Seconds,6.163344054222107 Seconds (inferred),38aa97bf-294e-4aac-8924-d7945a1049ee,protpardelle_tev_38aa97bf-294e-4aac-8924-d7945a1049ee.pdb
5d338c8c-4256-444c-a65b-3d9f31625a13,50,2024-06-17 23:38:35.660908,protpardelle,all_atom_pdb_generation,"tev (monomer) scaffolding [--resample_idxs 0-27,33-46,51-139,152-167,179-211,221-237]",T4 GPU,308.16720271110535 Seconds,6.163344054222107 Seconds (inferred),2388a89d-8a4b-41a6-a7f5-10fc1cebbc61,protpardelle_tev_2388a89d-8a4b-41a6-a7f5-10fc1cebbc61.pdb
5d338c8c-4256-444c-a65b-3d9f31625a13,50,2024-06-17 23:38:35.660908,protpardelle,all_atom_pdb_generation,"tev (monomer) scaffolding [--resample_idxs 0-27,33-46,51-139,152-167,179-211,221-237]",T4 GPU,308.16720271110535 Seconds,6.163344054222107 Seconds (inferred),e8118382-4c29-4011-bf5f-42722797918d,protpardelle_tev_e8118382-4c29-4011-bf5f-42722797918d.pdb
5d338c8c-4256-444c-a65b-3d9f31625a13,50,2024-06-17 23:38:35.660908,protpardelle,all_atom_pdb_generation,"tev (monomer) scaffolding [--resample_idxs 0-27,33-46,51-139,152-167,179-211,221-237]",T4 GPU,308.16720271110535 Seconds,6.163344054222107 Seconds (inferred),86d24a29-02d6-4183-a521-d53a0c33abe4,protpardelle_tev_86d24a29-02d6-4183-a521-d53a0c33abe4.pdb
5d338c8c-4256-444c-a65b-3d9f31625a13,50,2024-06-17 23:38:35.660908,protpardelle,all_atom_pdb_generation,"tev (monomer) scaffolding [--resample_idxs 0-27,33-46,51-139,152-167,179-211,221-237]",T4 GPU,308.16720271110535 Seconds,6.163344054222107 Seconds (inferred),b0d9b7ae-47cf-43cf-8a42-17b29ecdb0df,protpardelle_tev_b0d9b7ae-47cf-43cf-8a42-17b29ecdb0df.pdb
5d338c8c-4256-444c-a65b-3d9f31625a13,50,2024-06-17 23:38:35.660908,protpardelle,all_atom_pdb_generation,"tev (monomer) scaffolding [--resample_idxs 0-27,33-46,51-139,152-167,179-211,221-237]",T4 GPU,308.16720271110535 Seconds,6.163344054222107 Seconds (inferred),0df970c7-fc6b-4ec7-a411-4b083c9f6232,protpardelle_tev_0df970c7-fc6b-4ec7-a411-4b083c9f6232.pdb
5d338c8c-4256-444c-a65b-3d9f31625a13,50,2024-06-17 23:38:35.660908,protpardelle,all_atom_pdb_generation,"tev (monomer) scaffolding [--resample_idxs 0-27,33-46,51-139,152-167,179-211,221-237]",T4 GPU,308.16720271110535 Seconds,6.163344054222107 Seconds (inferred),d1c22f2e-cba7-49ab-ab95-e2fed0b6ac66,protpardelle_tev_d1c22f2e-cba7-49ab-ab95-e2fed0b6ac66.pdb
5d338c8c-4256-444c-a65b-3d9f31625a13,50,2024-06-17 23:38:35.660908,protpardelle,all_atom_pdb_generation,"tev (monomer) scaffolding [--resample_idxs 0-27,33-46,51-139,152-167,179-211,221-237]",T4 GPU,308.16720271110535 Seconds,6.163344054222107 Seconds (inferred),b4e618aa-b856-48e3-be2d-e99dc15a7f3a,protpardelle_tev_b4e618aa-b856-48e3-be2d-e99dc15a7f3a.pdb
5d338c8c-4256-444c-a65b-3d9f31625a13,50,2024-06-17 23:38:35.660908,protpardelle,all_atom_pdb_generation,"tev (monomer) scaffolding [--resample_idxs 0-27,33-46,51-139,152-167,179-211,221-237]",T4 GPU,308.16720271110535 Seconds,6.163344054222107 Seconds (inferred),e9afc333-e72f-4c28-b9aa-f1415aec38d7,protpardelle_tev_e9afc333-e72f-4c28-b9aa-f1415aec38d7.pdb
5d338c8c-4256-444c-a65b-3d9f31625a13,50,2024-06-17 23:38:35.660908,protpardelle,all_atom_pdb_generation,"tev (monomer) scaffolding [--resample_idxs 0-27,33-46,51-139,152-167,179-211,221-237]",T4 GPU,308.16720271110535 Seconds,6.163344054222107 Seconds (inferred),75173cd1-56f9-40d5-a2bf-3cd58aa96316,protpardelle_tev_75173cd1-56f9-40d5-a2bf-3cd58aa96316.pdb
5d338c8c-4256-444c-a65b-3d9f31625a13,50,2024-06-17 23:38:35.660908,protpardelle,all_atom_pdb_generation,"tev (monomer) scaffolding [--resample_idxs 0-27,33-46,51-139,152-167,179-211,221-237]",T4 GPU,308.16720271110535 Seconds,6.163344054222107 Seconds (inferred),d29a234f-8220-466c-af41-b5fe87bd1293,protpardelle_tev_d29a234f-8220-466c-af41-b5fe87bd1293.pdb
5d338c8c-4256-444c-a65b-3d9f31625a13,50,2024-06-17 23:38:35.660908,protpardelle,all_atom_pdb_generation,"tev (monomer) scaffolding [--resample_idxs 0-27,33-46,51-139,152-167,179-211,221-237]",T4 GPU,308.16720271110535 Seconds,6.163344054222107 Seconds (inferred),2084983e-0a84-46d0-a2ec-f24fd037972e,protpardelle_tev_2084983e-0a84-46d0-a2ec-f24fd037972e.pdb
5d338c8c-4256-444c-a65b-3d9f31625a13,50,2024-06-17 23:38:35.660908,protpardelle,all_atom_pdb_generation,"tev (monomer) scaffolding [--resample_idxs 0-27,33-46,51-139,152-167,179-211,221-237]",T4 GPU,308.16720271110535 Seconds,6.163344054222107 Seconds (inferred),63674450-df95-4829-b6ff-ac66502d4655,protpardelle_tev_63674450-df95-4829-b6ff-ac66502d4655.pdb
5d338c8c-4256-444c-a65b-3d9f31625a13,50,2024-06-17 23:38:35.660908,protpardelle,all_atom_pdb_generation,"tev (monomer) scaffolding [--resample_idxs 0-27,33-46,51-139,152-167,179-211,221-237]",T4 GPU,308.16720271110535 Seconds,6.163344054222107 Seconds (inferred),c86b0ee9-3c24-4c98-a358-92277d4be19a,protpardelle_tev_c86b0ee9-3c24-4c98-a358-92277d4be19a.pdb
5d338c8c-4256-444c-a65b-3d9f31625a13,50,2024-06-17 23:38:35.660908,protpardelle,all_atom_pdb_generation,"tev (monomer) scaffolding [--resample_idxs 0-27,33-46,51-139,152-167,179-211,221-237]",T4 GPU,308.16720271110535 Seconds,6.163344054222107 Seconds (inferred),b5bea3a9-360b-4bd5-965f-395441be27d3,protpardelle_tev_b5bea3a9-360b-4bd5-965f-395441be27d3.pdb
5d338c8c-4256-444c-a65b-3d9f31625a13,50,2024-06-17 23:38:35.660908,protpardelle,all_atom_pdb_generation,"tev (monomer) scaffolding [--resample_idxs 0-27,33-46,51-139,152-167,179-211,221-237]",T4 GPU,308.16720271110535 Seconds,6.163344054222107 Seconds (inferred),69a26685-caf4-45eb-b744-cfb91ea65fcc,protpardelle_tev_69a26685-caf4-45eb-b744-cfb91ea65fcc.pdb
5d338c8c-4256-444c-a65b-3d9f31625a13,50,2024-06-17 23:38:35.660908,protpardelle,all_atom_pdb_generation,"tev (monomer) scaffolding [--resample_idxs 0-27,33-46,51-139,152-167,179-211,221-237]",T4 GPU,308.16720271110535 Seconds,6.163344054222107 Seconds (inferred),8bf1bd0c-a0fe-4bcf-9b25-1898c12c5d32,protpardelle_tev_8bf1bd0c-a0fe-4bcf-9b25-1898c12c5d32.pdb
5d338c8c-4256-444c-a65b-3d9f31625a13,50,2024-06-17 23:38:35.660908,protpardelle,all_atom_pdb_generation,"tev (monomer) scaffolding [--resample_idxs 0-27,33-46,51-139,152-167,179-211,221-237]",T4 GPU,308.16720271110535 Seconds,6.163344054222107 Seconds (inferred),0d50590b-a888-42ea-a7e8-0964966961d9,protpardelle_tev_0d50590b-a888-42ea-a7e8-0964966961d9.pdb
5d338c8c-4256-444c-a65b-3d9f31625a13,50,2024-06-17 23:38:35.660908,protpardelle,all_atom_pdb_generation,"tev (monomer) scaffolding [--resample_idxs 0-27,33-46,51-139,152-167,179-211,221-237]",T4 GPU,308.16720271110535 Seconds,6.163344054222107 Seconds (inferred),b17d92d2-38e6-4f87-95a1-c8183e948672,protpardelle_tev_b17d92d2-38e6-4f87-95a1-c8183e948672.pdb
5d338c8c-4256-444c-a65b-3d9f31625a13,50,2024-06-17 23:38:35.660908,protpardelle,all_atom_pdb_generation,"tev (monomer) scaffolding [--resample_idxs 0-27,33-46,51-139,152-167,179-211,221-237]",T4 GPU,308.16720271110535 Seconds,6.163344054222107 Seconds (inferred),2d851ebd-47b4-44cb-86b0-6361abee1c58,protpardelle_tev_2d851ebd-47b4-44cb-86b0-6361abee1c58.pdb
5d338c8c-4256-444c-a65b-3d9f31625a13,50,2024-06-17 23:38:35.660908,protpardelle,all_atom_pdb_generation,"tev (monomer) scaffolding [--resample_idxs 0-27,33-46,51-139,152-167,179-211,221-237]",T4 GPU,308.16720271110535 Seconds,6.163344054222107 Seconds (inferred),2bb7a615-6ed6-40ba-92e3-6c81c4efcbfe,protpardelle_tev_2bb7a615-6ed6-40ba-92e3-6c81c4efcbfe.pdb
5d338c8c-4256-444c-a65b-3d9f31625a13,50,2024-06-17 23:38:35.660908,protpardelle,all_atom_pdb_generation,"tev (monomer) scaffolding [--resample_idxs 0-27,33-46,51-139,152-167,179-211,221-237]",T4 GPU,308.16720271110535 Seconds,6.163344054222107 Seconds (inferred),9eb289c2-b8f9-4009-8f88-512b4e76da47,protpardelle_tev_9eb289c2-b8f9-4009-8f88-512b4e76da47.pdb
5d338c8c-4256-444c-a65b-3d9f31625a13,50,2024-06-17 23:38:35.660908,protpardelle,all_atom_pdb_generation,"tev (monomer) scaffolding [--resample_idxs 0-27,33-46,51-139,152-167,179-211,221-237]",T4 GPU,308.16720271110535 Seconds,6.163344054222107 Seconds (inferred),7a3512cd-02fb-4878-83c2-3f1d0756752c,protpardelle_tev_7a3512cd-02fb-4878-83c2-3f1d0756752c.pdb
5d338c8c-4256-444c-a65b-3d9f31625a13,50,2024-06-17 23:38:35.660908,protpardelle,all_atom_pdb_generation,"tev (monomer) scaffolding [--resample_idxs 0-27,33-46,51-139,152-167,179-211,221-237]",T4 GPU,308.16720271110535 Seconds,6.163344054222107 Seconds (inferred),16c87691-71ec-4c31-8d45-8ef7c6667a10,protpardelle_tev_16c87691-71ec-4c31-8d45-8ef7c6667a10.pdb
5d338c8c-4256-444c-a65b-3d9f31625a13,50,2024-06-17 23:38:35.660908,protpardelle,all_atom_pdb_generation,"tev (monomer) scaffolding [--resample_idxs 0-27,33-46,51-139,152-167,179-211,221-237]",T4 GPU,308.16720271110535 Seconds,6.163344054222107 Seconds (inferred),98b74a3d-cc88-4147-95ae-1946ab844f25,protpardelle_tev_98b74a3d-cc88-4147-95ae-1946ab844f25.pdb
5d338c8c-4256-444c-a65b-3d9f31625a13,50,2024-06-17 23:38:35.660908,protpardelle,all_atom_pdb_generation,"tev (monomer) scaffolding [--resample_idxs 0-27,33-46,51-139,152-167,179-211,221-237]",T4 GPU,308.16720271110535 Seconds,6.163344054222107 Seconds (inferred),e6f728a1-78e4-4ff6-aee1-6591f33e34cd,protpardelle_tev_e6f728a1-78e4-4ff6-aee1-6591f33e34cd.pdb
5d338c8c-4256-444c-a65b-3d9f31625a13,50,2024-06-17 23:38:35.660908,protpardelle,all_atom_pdb_generation,"tev (monomer) scaffolding [--resample_idxs 0-27,33-46,51-139,152-167,179-211,221-237]",T4 GPU,308.16720271110535 Seconds,6.163344054222107 Seconds (inferred),218ef2af-1fad-4c32-95a4-0b2a31dd5c35,protpardelle_tev_218ef2af-1fad-4c32-95a4-0b2a31dd5c35.pdb
5d338c8c-4256-444c-a65b-3d9f31625a13,50,2024-06-17 23:38:35.660908,protpardelle,all_atom_pdb_generation,"tev (monomer) scaffolding [--resample_idxs 0-27,33-46,51-139,152-167,179-211,221-237]",T4 GPU,308.16720271110535 Seconds,6.163344054222107 Seconds (inferred),c8a322c6-71e6-4c87-a56f-5994d1300a0d,protpardelle_tev_c8a322c6-71e6-4c87-a56f-5994d1300a0d.pdb
5d338c8c-4256-444c-a65b-3d9f31625a13,50,2024-06-17 23:38:35.660908,protpardelle,all_atom_pdb_generation,"tev (monomer) scaffolding [--resample_idxs 0-27,33-46,51-139,152-167,179-211,221-237]",T4 GPU,308.16720271110535 Seconds,6.163344054222107 Seconds (inferred),a6b511e9-8082-4c05-997a-766d1905b499,protpardelle_tev_a6b511e9-8082-4c05-997a-766d1905b499.pdb
5d338c8c-4256-444c-a65b-3d9f31625a13,50,2024-06-17 23:38:35.660908,protpardelle,all_atom_pdb_generation,"tev (monomer) scaffolding [--resample_idxs 0-27,33-46,51-139,152-167,179-211,221-237]",T4 GPU,308.16720271110535 Seconds,6.163344054222107 Seconds (inferred),5ac79a3a-d9e2-407c-aba0-2dc320a23f3d,protpardelle_tev_5ac79a3a-d9e2-407c-aba0-2dc320a23f3d.pdb
5d338c8c-4256-444c-a65b-3d9f31625a13,50,2024-06-17 23:38:35.660908,protpardelle,all_atom_pdb_generation,"tev (monomer) scaffolding [--resample_idxs 0-27,33-46,51-139,152-167,179-211,221-237]",T4 GPU,308.16720271110535 Seconds,6.163344054222107 Seconds (inferred),67ab7d24-4891-4084-8b03-1504ead2bbe3,protpardelle_tev_67ab7d24-4891-4084-8b03-1504ead2bbe3.pdb
5d338c8c-4256-444c-a65b-3d9f31625a13,50,2024-06-17 23:38:35.660908,protpardelle,all_atom_pdb_generation,"tev (monomer) scaffolding [--resample_idxs 0-27,33-46,51-139,152-167,179-211,221-237]",T4 GPU,308.16720271110535 Seconds,6.163344054222107 Seconds (inferred),3dbdf7fe-a7bd-490d-8758-48ec8f819b42,protpardelle_tev_3dbdf7fe-a7bd-490d-8758-48ec8f819b42.pdb
5d338c8c-4256-444c-a65b-3d9f31625a13,50,2024-06-17 23:38:35.660908,protpardelle,all_atom_pdb_generation,"tev (monomer) scaffolding [--resample_idxs 0-27,33-46,51-139,152-167,179-211,221-237]",T4 GPU,308.16720271110535 Seconds,6.163344054222107 Seconds (inferred),ec5a37bc-642c-43f9-81b8-a05a3e6f896b,protpardelle_tev_ec5a37bc-642c-43f9-81b8-a05a3e6f896b.pdb
5d338c8c-4256-444c-a65b-3d9f31625a13,50,2024-06-17 23:38:35.660908,protpardelle,all_atom_pdb_generation,"tev (monomer) scaffolding [--resample_idxs 0-27,33-46,51-139,152-167,179-211,221-237]",T4 GPU,308.16720271110535 Seconds,6.163344054222107 Seconds (inferred),76fc1a0c-4683-4130-9d2b-e8cc10a30222,protpardelle_tev_76fc1a0c-4683-4130-9d2b-e8cc10a30222.pdb
5d338c8c-4256-444c-a65b-3d9f31625a13,50,2024-06-17 23:38:35.660908,protpardelle,all_atom_pdb_generation,"tev (monomer) scaffolding [--resample_idxs 0-27,33-46,51-139,152-167,179-211,221-237]",T4 GPU,308.16720271110535 Seconds,6.163344054222107 Seconds (inferred),07e29081-0f8e-41a6-86b8-22b63e6ede4d,protpardelle_tev_07e29081-0f8e-41a6-86b8-22b63e6ede4d.pdb
5d338c8c-4256-444c-a65b-3d9f31625a13,50,2024-06-17 23:38:35.660908,protpardelle,all_atom_pdb_generation,"tev (monomer) scaffolding [--resample_idxs 0-27,33-46,51-139,152-167,179-211,221-237]",T4 GPU,308.16720271110535 Seconds,6.163344054222107 Seconds (inferred),c552059c-3626-4fa7-b783-222d3d57e762,protpardelle_tev_c552059c-3626-4fa7-b783-222d3d57e762.pdb
5d338c8c-4256-444c-a65b-3d9f31625a13,50,2024-06-17 23:38:35.660908,protpardelle,all_atom_pdb_generation,"tev (monomer) scaffolding [--resample_idxs 0-27,33-46,51-139,152-167,179-211,221-237]",T4 GPU,308.16720271110535 Seconds,6.163344054222107 Seconds (inferred),afdaa185-41d8-4617-8d19-48cf1098c69e,protpardelle_tev_afdaa185-41d8-4617-8d19-48cf1098c69e.pdb
5d338c8c-4256-444c-a65b-3d9f31625a13,50,2024-06-17 23:38:35.660908,protpardelle,all_atom_pdb_generation,"tev (monomer) scaffolding [--resample_idxs 0-27,33-46,51-139,152-167,179-211,221-237]",T4 GPU,308.16720271110535 Seconds,6.163344054222107 Seconds (inferred),bab6d892-ac16-4d44-923a-0f1a01001a87,protpardelle_tev_bab6d892-ac16-4d44-923a-0f1a01001a87.pdb
5d338c8c-4256-444c-a65b-3d9f31625a13,50,2024-06-17 23:38:35.660908,protpardelle,all_atom_pdb_generation,"tev (monomer) scaffolding [--resample_idxs 0-27,33-46,51-139,152-167,179-211,221-237]",T4 GPU,308.16720271110535 Seconds,6.163344054222107 Seconds (inferred),c9d2c47b-96b6-4039-afc2-6843cf2c7a77,protpardelle_tev_c9d2c47b-96b6-4039-afc2-6843cf2c7a77.pdb
9c3c26fc-c9d0-4f60-af9b-412afb14e7cf,50,2024-06-21 04:02:13.242902,protpardelle,all_atom_pdb_generation,"tev (monomer) scaffolding [--resample_idxs 0-27,33-46,51-139,152-167,179-211,221-237]",T4 GPU,312.3835575580597 Seconds,6.247671151161194 Seconds (inferred),8c613af6-8b40-4301-99d6-d5e5c084f661,protpardelle_tev_8c613af6-8b40-4301-99d6-d5e5c084f661.pdb
9c3c26fc-c9d0-4f60-af9b-412afb14e7cf,50,2024-06-21 04:02:13.242902,protpardelle,all_atom_pdb_generation,"tev (monomer) scaffolding [--resample_idxs 0-27,33-46,51-139,152-167,179-211,221-237]",T4 GPU,312.3835575580597 Seconds,6.247671151161194 Seconds (inferred),cc0914c9-b237-445c-b438-267dbe78df33,protpardelle_tev_cc0914c9-b237-445c-b438-267dbe78df33.pdb
9c3c26fc-c9d0-4f60-af9b-412afb14e7cf,50,2024-06-21 04:02:13.242902,protpardelle,all_atom_pdb_generation,"tev (monomer) scaffolding [--resample_idxs 0-27,33-46,51-139,152-167,179-211,221-237]",T4 GPU,312.3835575580597 Seconds,6.247671151161194 Seconds (inferred),a4f98919-cdb9-498f-9ee5-ff7e017daf06,protpardelle_tev_a4f98919-cdb9-498f-9ee5-ff7e017daf06.pdb
9c3c26fc-c9d0-4f60-af9b-412afb14e7cf,50,2024-06-21 04:02:13.242902,protpardelle,all_atom_pdb_generation,"tev (monomer) scaffolding [--resample_idxs 0-27,33-46,51-139,152-167,179-211,221-237]",T4 GPU,312.3835575580597 Seconds,6.247671151161194 Seconds (inferred),ae20403b-c347-4d5c-8722-7814580ae500,protpardelle_tev_ae20403b-c347-4d5c-8722-7814580ae500.pdb
9c3c26fc-c9d0-4f60-af9b-412afb14e7cf,50,2024-06-21 04:02:13.242902,protpardelle,all_atom_pdb_generation,"tev (monomer) scaffolding [--resample_idxs 0-27,33-46,51-139,152-167,179-211,221-237]",T4 GPU,312.3835575580597 Seconds,6.247671151161194 Seconds (inferred),140771ab-9edc-46e8-a1c7-3be3b95df84f,protpardelle_tev_140771ab-9edc-46e8-a1c7-3be3b95df84f.pdb
9c3c26fc-c9d0-4f60-af9b-412afb14e7cf,50,2024-06-21 04:02:13.242902,protpardelle,all_atom_pdb_generation,"tev (monomer) scaffolding [--resample_idxs 0-27,33-46,51-139,152-167,179-211,221-237]",T4 GPU,312.3835575580597 Seconds,6.247671151161194 Seconds (inferred),5ef90661-c9a5-43f5-b4d1-3c08f651b899,protpardelle_tev_5ef90661-c9a5-43f5-b4d1-3c08f651b899.pdb
9c3c26fc-c9d0-4f60-af9b-412afb14e7cf,50,2024-06-21 04:02:13.242902,protpardelle,all_atom_pdb_generation,"tev (monomer) scaffolding [--resample_idxs 0-27,33-46,51-139,152-167,179-211,221-237]",T4 GPU,312.3835575580597 Seconds,6.247671151161194 Seconds (inferred),a76f316d-152f-4450-b590-15d733a5ac94,protpardelle_tev_a76f316d-152f-4450-b590-15d733a5ac94.pdb
9c3c26fc-c9d0-4f60-af9b-412afb14e7cf,50,2024-06-21 04:02:13.242902,protpardelle,all_atom_pdb_generation,"tev (monomer) scaffolding [--resample_idxs 0-27,33-46,51-139,152-167,179-211,221-237]",T4 GPU,312.3835575580597 Seconds,6.247671151161194 Seconds (inferred),75291e08-42d2-4219-aa90-872d40ebd137,protpardelle_tev_75291e08-42d2-4219-aa90-872d40ebd137.pdb
9c3c26fc-c9d0-4f60-af9b-412afb14e7cf,50,2024-06-21 04:02:13.242902,protpardelle,all_atom_pdb_generation,"tev (monomer) scaffolding [--resample_idxs 0-27,33-46,51-139,152-167,179-211,221-237]",T4 GPU,312.3835575580597 Seconds,6.247671151161194 Seconds (inferred),9172f521-dd51-4527-b27e-7cae1b7e601f,protpardelle_tev_9172f521-dd51-4527-b27e-7cae1b7e601f.pdb
9c3c26fc-c9d0-4f60-af9b-412afb14e7cf,50,2024-06-21 04:02:13.242902,protpardelle,all_atom_pdb_generation,"tev (monomer) scaffolding [--resample_idxs 0-27,33-46,51-139,152-167,179-211,221-237]",T4 GPU,312.3835575580597 Seconds,6.247671151161194 Seconds (inferred),abbc3cfe-6add-4960-824a-0f3634b452f5,protpardelle_tev_abbc3cfe-6add-4960-824a-0f3634b452f5.pdb
9c3c26fc-c9d0-4f60-af9b-412afb14e7cf,50,2024-06-21 04:02:13.242902,protpardelle,all_atom_pdb_generation,"tev (monomer) scaffolding [--resample_idxs 0-27,33-46,51-139,152-167,179-211,221-237]",T4 GPU,312.3835575580597 Seconds,6.247671151161194 Seconds (inferred),9918c5af-b8cf-402e-b732-b20acfd59206,protpardelle_tev_9918c5af-b8cf-402e-b732-b20acfd59206.pdb
9c3c26fc-c9d0-4f60-af9b-412afb14e7cf,50,2024-06-21 04:02:13.242902,protpardelle,all_atom_pdb_generation,"tev (monomer) scaffolding [--resample_idxs 0-27,33-46,51-139,152-167,179-211,221-237]",T4 GPU,312.3835575580597 Seconds,6.247671151161194 Seconds (inferred),f7af9eab-8904-419a-b70e-51ea6c680dfc,protpardelle_tev_f7af9eab-8904-419a-b70e-51ea6c680dfc.pdb
9c3c26fc-c9d0-4f60-af9b-412afb14e7cf,50,2024-06-21 04:02:13.242902,protpardelle,all_atom_pdb_generation,"tev (monomer) scaffolding [--resample_idxs 0-27,33-46,51-139,152-167,179-211,221-237]",T4 GPU,312.3835575580597 Seconds,6.247671151161194 Seconds (inferred),c898674f-c708-4b4e-89b0-f7e81884b65d,protpardelle_tev_c898674f-c708-4b4e-89b0-f7e81884b65d.pdb
9c3c26fc-c9d0-4f60-af9b-412afb14e7cf,50,2024-06-21 04:02:13.242902,protpardelle,all_atom_pdb_generation,"tev (monomer) scaffolding [--resample_idxs 0-27,33-46,51-139,152-167,179-211,221-237]",T4 GPU,312.3835575580597 Seconds,6.247671151161194 Seconds (inferred),8065172e-47b0-4e7a-bd2f-1ad24f33c2e8,protpardelle_tev_8065172e-47b0-4e7a-bd2f-1ad24f33c2e8.pdb
9c3c26fc-c9d0-4f60-af9b-412afb14e7cf,50,2024-06-21 04:02:13.242902,protpardelle,all_atom_pdb_generation,"tev (monomer) scaffolding [--resample_idxs 0-27,33-46,51-139,152-167,179-211,221-237]",T4 GPU,312.3835575580597 Seconds,6.247671151161194 Seconds (inferred),0e844ae1-4509-404b-998f-212e41309998,protpardelle_tev_0e844ae1-4509-404b-998f-212e41309998.pdb
9c3c26fc-c9d0-4f60-af9b-412afb14e7cf,50,2024-06-21 04:02:13.242902,protpardelle,all_atom_pdb_generation,"tev (monomer) scaffolding [--resample_idxs 0-27,33-46,51-139,152-167,179-211,221-237]",T4 GPU,312.3835575580597 Seconds,6.247671151161194 Seconds (inferred),f843846d-6aff-478d-aefa-242dfd75740d,protpardelle_tev_f843846d-6aff-478d-aefa-242dfd75740d.pdb
9c3c26fc-c9d0-4f60-af9b-412afb14e7cf,50,2024-06-21 04:02:13.242902,protpardelle,all_atom_pdb_generation,"tev (monomer) scaffolding [--resample_idxs 0-27,33-46,51-139,152-167,179-211,221-237]",T4 GPU,312.3835575580597 Seconds,6.247671151161194 Seconds (inferred),6f48d299-9a4b-4d62-b551-b37337fd8c6a,protpardelle_tev_6f48d299-9a4b-4d62-b551-b37337fd8c6a.pdb
9c3c26fc-c9d0-4f60-af9b-412afb14e7cf,50,2024-06-21 04:02:13.242902,protpardelle,all_atom_pdb_generation,"tev (monomer) scaffolding [--resample_idxs 0-27,33-46,51-139,152-167,179-211,221-237]",T4 GPU,312.3835575580597 Seconds,6.247671151161194 Seconds (inferred),127ba1ae-a6af-48e7-a421-25d0f8ab0277,protpardelle_tev_127ba1ae-a6af-48e7-a421-25d0f8ab0277.pdb
9c3c26fc-c9d0-4f60-af9b-412afb14e7cf,50,2024-06-21 04:02:13.242902,protpardelle,all_atom_pdb_generation,"tev (monomer) scaffolding [--resample_idxs 0-27,33-46,51-139,152-167,179-211,221-237]",T4 GPU,312.3835575580597 Seconds,6.247671151161194 Seconds (inferred),163d990e-e4b0-42ae-bf63-7bebde4b62e3,protpardelle_tev_163d990e-e4b0-42ae-bf63-7bebde4b62e3.pdb
9c3c26fc-c9d0-4f60-af9b-412afb14e7cf,50,2024-06-21 04:02:13.242902,protpardelle,all_atom_pdb_generation,"tev (monomer) scaffolding [--resample_idxs 0-27,33-46,51-139,152-167,179-211,221-237]",T4 GPU,312.3835575580597 Seconds,6.247671151161194 Seconds (inferred),41fd388b-16cf-46bf-a333-23768c6a73ce,protpardelle_tev_41fd388b-16cf-46bf-a333-23768c6a73ce.pdb
9c3c26fc-c9d0-4f60-af9b-412afb14e7cf,50,2024-06-21 04:02:13.242902,protpardelle,all_atom_pdb_generation,"tev (monomer) scaffolding [--resample_idxs 0-27,33-46,51-139,152-167,179-211,221-237]",T4 GPU,312.3835575580597 Seconds,6.247671151161194 Seconds (inferred),c19f34a5-1b13-45a2-9664-412926ad0290,protpardelle_tev_c19f34a5-1b13-45a2-9664-412926ad0290.pdb
9c3c26fc-c9d0-4f60-af9b-412afb14e7cf,50,2024-06-21 04:02:13.242902,protpardelle,all_atom_pdb_generation,"tev (monomer) scaffolding [--resample_idxs 0-27,33-46,51-139,152-167,179-211,221-237]",T4 GPU,312.3835575580597 Seconds,6.247671151161194 Seconds (inferred),997d3943-efb7-49cf-8f46-5c4700689b7a,protpardelle_tev_997d3943-efb7-49cf-8f46-5c4700689b7a.pdb
9c3c26fc-c9d0-4f60-af9b-412afb14e7cf,50,2024-06-21 04:02:13.242902,protpardelle,all_atom_pdb_generation,"tev (monomer) scaffolding [--resample_idxs 0-27,33-46,51-139,152-167,179-211,221-237]",T4 GPU,312.3835575580597 Seconds,6.247671151161194 Seconds (inferred),ae0162e8-f517-493e-a310-9664439778cc,protpardelle_tev_ae0162e8-f517-493e-a310-9664439778cc.pdb
9c3c26fc-c9d0-4f60-af9b-412afb14e7cf,50,2024-06-21 04:02:13.242902,protpardelle,all_atom_pdb_generation,"tev (monomer) scaffolding [--resample_idxs 0-27,33-46,51-139,152-167,179-211,221-237]",T4 GPU,312.3835575580597 Seconds,6.247671151161194 Seconds (inferred),f4cce13e-d516-4e13-a046-9146cd1c78c2,protpardelle_tev_f4cce13e-d516-4e13-a046-9146cd1c78c2.pdb
9c3c26fc-c9d0-4f60-af9b-412afb14e7cf,50,2024-06-21 04:02:13.242902,protpardelle,all_atom_pdb_generation,"tev (monomer) scaffolding [--resample_idxs 0-27,33-46,51-139,152-167,179-211,221-237]",T4 GPU,312.3835575580597 Seconds,6.247671151161194 Seconds (inferred),233bc41d-5d3f-4cdb-a5fe-dac412b0115b,protpardelle_tev_233bc41d-5d3f-4cdb-a5fe-dac412b0115b.pdb
9c3c26fc-c9d0-4f60-af9b-412afb14e7cf,50,2024-06-21 04:02:13.242902,protpardelle,all_atom_pdb_generation,"tev (monomer) scaffolding [--resample_idxs 0-27,33-46,51-139,152-167,179-211,221-237]",T4 GPU,312.3835575580597 Seconds,6.247671151161194 Seconds (inferred),fd8fd15a-c802-48f0-a08d-bd89697f6bfe,protpardelle_tev_fd8fd15a-c802-48f0-a08d-bd89697f6bfe.pdb
9c3c26fc-c9d0-4f60-af9b-412afb14e7cf,50,2024-06-21 04:02:13.242902,protpardelle,all_atom_pdb_generation,"tev (monomer) scaffolding [--resample_idxs 0-27,33-46,51-139,152-167,179-211,221-237]",T4 GPU,312.3835575580597 Seconds,6.247671151161194 Seconds (inferred),0f7dba0d-8c67-41b5-ad1b-0630f8ec9dca,protpardelle_tev_0f7dba0d-8c67-41b5-ad1b-0630f8ec9dca.pdb
9c3c26fc-c9d0-4f60-af9b-412afb14e7cf,50,2024-06-21 04:02:13.242902,protpardelle,all_atom_pdb_generation,"tev (monomer) scaffolding [--resample_idxs 0-27,33-46,51-139,152-167,179-211,221-237]",T4 GPU,312.3835575580597 Seconds,6.247671151161194 Seconds (inferred),0105b1b2-04a0-4d74-941d-32ac1b54428f,protpardelle_tev_0105b1b2-04a0-4d74-941d-32ac1b54428f.pdb
9c3c26fc-c9d0-4f60-af9b-412afb14e7cf,50,2024-06-21 04:02:13.242902,protpardelle,all_atom_pdb_generation,"tev (monomer) scaffolding [--resample_idxs 0-27,33-46,51-139,152-167,179-211,221-237]",T4 GPU,312.3835575580597 Seconds,6.247671151161194 Seconds (inferred),81b21cfa-489a-44af-9ee6-fef18257ec19,protpardelle_tev_81b21cfa-489a-44af-9ee6-fef18257ec19.pdb
9c3c26fc-c9d0-4f60-af9b-412afb14e7cf,50,2024-06-21 04:02:13.242902,protpardelle,all_atom_pdb_generation,"tev (monomer) scaffolding [--resample_idxs 0-27,33-46,51-139,152-167,179-211,221-237]",T4 GPU,312.3835575580597 Seconds,6.247671151161194 Seconds (inferred),9139b0c4-8d82-4d3f-80a7-c002fe6c6123,protpardelle_tev_9139b0c4-8d82-4d3f-80a7-c002fe6c6123.pdb
9c3c26fc-c9d0-4f60-af9b-412afb14e7cf,50,2024-06-21 04:02:13.242902,protpardelle,all_atom_pdb_generation,"tev (monomer) scaffolding [--resample_idxs 0-27,33-46,51-139,152-167,179-211,221-237]",T4 GPU,312.3835575580597 Seconds,6.247671151161194 Seconds (inferred),df3a0dc0-34c7-470d-9c31-19a45fd8f80f,protpardelle_tev_df3a0dc0-34c7-470d-9c31-19a45fd8f80f.pdb
9c3c26fc-c9d0-4f60-af9b-412afb14e7cf,50,2024-06-21 04:02:13.242902,protpardelle,all_atom_pdb_generation,"tev (monomer) scaffolding [--resample_idxs 0-27,33-46,51-139,152-167,179-211,221-237]",T4 GPU,312.3835575580597 Seconds,6.247671151161194 Seconds (inferred),4ea149f5-10cf-4603-9a17-ee14658b5f09,protpardelle_tev_4ea149f5-10cf-4603-9a17-ee14658b5f09.pdb
9c3c26fc-c9d0-4f60-af9b-412afb14e7cf,50,2024-06-21 04:02:13.242902,protpardelle,all_atom_pdb_generation,"tev (monomer) scaffolding [--resample_idxs 0-27,33-46,51-139,152-167,179-211,221-237]",T4 GPU,312.3835575580597 Seconds,6.247671151161194 Seconds (inferred),c862fc0c-d0b0-4ed2-bd40-12a3bd3fe5a4,protpardelle_tev_c862fc0c-d0b0-4ed2-bd40-12a3bd3fe5a4.pdb
9c3c26fc-c9d0-4f60-af9b-412afb14e7cf,50,2024-06-21 04:02:13.242902,protpardelle,all_atom_pdb_generation,"tev (monomer) scaffolding [--resample_idxs 0-27,33-46,51-139,152-167,179-211,221-237]",T4 GPU,312.3835575580597 Seconds,6.247671151161194 Seconds (inferred),41b98574-3b93-46b8-8671-1cc680a5a4c0,protpardelle_tev_41b98574-3b93-46b8-8671-1cc680a5a4c0.pdb
9c3c26fc-c9d0-4f60-af9b-412afb14e7cf,50,2024-06-21 04:02:13.242902,protpardelle,all_atom_pdb_generation,"tev (monomer) scaffolding [--resample_idxs 0-27,33-46,51-139,152-167,179-211,221-237]",T4 GPU,312.3835575580597 Seconds,6.247671151161194 Seconds (inferred),0170ecf0-276c-462c-ba00-5f1d947366e7,protpardelle_tev_0170ecf0-276c-462c-ba00-5f1d947366e7.pdb
9c3c26fc-c9d0-4f60-af9b-412afb14e7cf,50,2024-06-21 04:02:13.242902,protpardelle,all_atom_pdb_generation,"tev (monomer) scaffolding [--resample_idxs 0-27,33-46,51-139,152-167,179-211,221-237]",T4 GPU,312.3835575580597 Seconds,6.247671151161194 Seconds (inferred),d2437c8b-deb7-418d-9461-a05a8371e2cc,protpardelle_tev_d2437c8b-deb7-418d-9461-a05a8371e2cc.pdb
9c3c26fc-c9d0-4f60-af9b-412afb14e7cf,50,2024-06-21 04:02:13.242902,protpardelle,all_atom_pdb_generation,"tev (monomer) scaffolding [--resample_idxs 0-27,33-46,51-139,152-167,179-211,221-237]",T4 GPU,312.3835575580597 Seconds,6.247671151161194 Seconds (inferred),3e41aea6-d03d-4252-b30e-4b1f8654493a,protpardelle_tev_3e41aea6-d03d-4252-b30e-4b1f8654493a.pdb
9c3c26fc-c9d0-4f60-af9b-412afb14e7cf,50,2024-06-21 04:02:13.242902,protpardelle,all_atom_pdb_generation,"tev (monomer) scaffolding [--resample_idxs 0-27,33-46,51-139,152-167,179-211,221-237]",T4 GPU,312.3835575580597 Seconds,6.247671151161194 Seconds (inferred),e03aebd3-781a-4590-88a6-50e2aa075514,protpardelle_tev_e03aebd3-781a-4590-88a6-50e2aa075514.pdb
9c3c26fc-c9d0-4f60-af9b-412afb14e7cf,50,2024-06-21 04:02:13.242902,protpardelle,all_atom_pdb_generation,"tev (monomer) scaffolding [--resample_idxs 0-27,33-46,51-139,152-167,179-211,221-237]",T4 GPU,312.3835575580597 Seconds,6.247671151161194 Seconds (inferred),abc79a4e-9d4e-482b-8e42-a8d66a90f976,protpardelle_tev_abc79a4e-9d4e-482b-8e42-a8d66a90f976.pdb
9c3c26fc-c9d0-4f60-af9b-412afb14e7cf,50,2024-06-21 04:02:13.242902,protpardelle,all_atom_pdb_generation,"tev (monomer) scaffolding [--resample_idxs 0-27,33-46,51-139,152-167,179-211,221-237]",T4 GPU,312.3835575580597 Seconds,6.247671151161194 Seconds (inferred),5e75054b-b262-451c-bd0e-a0c9ee58ffe4,protpardelle_tev_5e75054b-b262-451c-bd0e-a0c9ee58ffe4.pdb
9c3c26fc-c9d0-4f60-af9b-412afb14e7cf,50,2024-06-21 04:02:13.242902,protpardelle,all_atom_pdb_generation,"tev (monomer) scaffolding [--resample_idxs 0-27,33-46,51-139,152-167,179-211,221-237]",T4 GPU,312.3835575580597 Seconds,6.247671151161194 Seconds (inferred),01f8579e-2fd5-48d9-be28-2da44bf51562,protpardelle_tev_01f8579e-2fd5-48d9-be28-2da44bf51562.pdb
9c3c26fc-c9d0-4f60-af9b-412afb14e7cf,50,2024-06-21 04:02:13.242902,protpardelle,all_atom_pdb_generation,"tev (monomer) scaffolding [--resample_idxs 0-27,33-46,51-139,152-167,179-211,221-237]",T4 GPU,312.3835575580597 Seconds,6.247671151161194 Seconds (inferred),e723f2e5-c7f0-4e46-ae31-0cd40a86e07a,protpardelle_tev_e723f2e5-c7f0-4e46-ae31-0cd40a86e07a.pdb
9c3c26fc-c9d0-4f60-af9b-412afb14e7cf,50,2024-06-21 04:02:13.242902,protpardelle,all_atom_pdb_generation,"tev (monomer) scaffolding [--resample_idxs 0-27,33-46,51-139,152-167,179-211,221-237]",T4 GPU,312.3835575580597 Seconds,6.247671151161194 Seconds (inferred),e8e2c2b6-2a2d-4d8d-acdf-0aa7ebeb325b,protpardelle_tev_e8e2c2b6-2a2d-4d8d-acdf-0aa7ebeb325b.pdb
9c3c26fc-c9d0-4f60-af9b-412afb14e7cf,50,2024-06-21 04:02:13.242902,protpardelle,all_atom_pdb_generation,"tev (monomer) scaffolding [--resample_idxs 0-27,33-46,51-139,152-167,179-211,221-237]",T4 GPU,312.3835575580597 Seconds,6.247671151161194 Seconds (inferred),dc58c2c1-e437-4a88-a2e3-8069f4627152,protpardelle_tev_dc58c2c1-e437-4a88-a2e3-8069f4627152.pdb
9c3c26fc-c9d0-4f60-af9b-412afb14e7cf,50,2024-06-21 04:02:13.242902,protpardelle,all_atom_pdb_generation,"tev (monomer) scaffolding [--resample_idxs 0-27,33-46,51-139,152-167,179-211,221-237]",T4 GPU,312.3835575580597 Seconds,6.247671151161194 Seconds (inferred),671e835e-d91f-4536-9a81-cec5b6f44187,protpardelle_tev_671e835e-d91f-4536-9a81-cec5b6f44187.pdb
9c3c26fc-c9d0-4f60-af9b-412afb14e7cf,50,2024-06-21 04:02:13.242902,protpardelle,all_atom_pdb_generation,"tev (monomer) scaffolding [--resample_idxs 0-27,33-46,51-139,152-167,179-211,221-237]",T4 GPU,312.3835575580597 Seconds,6.247671151161194 Seconds (inferred),dd20d15e-1683-4d81-ae81-20e4734af639,protpardelle_tev_dd20d15e-1683-4d81-ae81-20e4734af639.pdb
9c3c26fc-c9d0-4f60-af9b-412afb14e7cf,50,2024-06-21 04:02:13.242902,protpardelle,all_atom_pdb_generation,"tev (monomer) scaffolding [--resample_idxs 0-27,33-46,51-139,152-167,179-211,221-237]",T4 GPU,312.3835575580597 Seconds,6.247671151161194 Seconds (inferred),d20a761b-08fd-4d63-96a8-33e8ef2445f5,protpardelle_tev_d20a761b-08fd-4d63-96a8-33e8ef2445f5.pdb
9c3c26fc-c9d0-4f60-af9b-412afb14e7cf,50,2024-06-21 04:02:13.242902,protpardelle,all_atom_pdb_generation,"tev (monomer) scaffolding [--resample_idxs 0-27,33-46,51-139,152-167,179-211,221-237]",T4 GPU,312.3835575580597 Seconds,6.247671151161194 Seconds (inferred),a12362e1-1421-4269-b521-947ec411b13c,protpardelle_tev_a12362e1-1421-4269-b521-947ec411b13c.pdb
9c3c26fc-c9d0-4f60-af9b-412afb14e7cf,50,2024-06-21 04:02:13.242902,protpardelle,all_atom_pdb_generation,"tev (monomer) scaffolding [--resample_idxs 0-27,33-46,51-139,152-167,179-211,221-237]",T4 GPU,312.3835575580597 Seconds,6.247671151161194 Seconds (inferred),d5e02204-e072-4e06-85be-c218b8307671,protpardelle_tev_d5e02204-e072-4e06-85be-c218b8307671.pdb
9c3c26fc-c9d0-4f60-af9b-412afb14e7cf,50,2024-06-21 04:02:13.242902,protpardelle,all_atom_pdb_generation,"tev (monomer) scaffolding [--resample_idxs 0-27,33-46,51-139,152-167,179-211,221-237]",T4 GPU,312.3835575580597 Seconds,6.247671151161194 Seconds (inferred),74a00bf3-9c4e-411a-b79b-1ca5db2b183c,protpardelle_tev_74a00bf3-9c4e-411a-b79b-1ca5db2b183c.pdb
