model,task,input_file_path,output_dir_path,Timestamp,gpu,batch_id,batch_size,wall_time_batch,wall_time_task
omegafold,Structure Prediction,/content/drive/MyDrive/Generative_Models/utilities/fold_inputs/all_len76.fa,/content/drive/MyDrive/Generative_Models/utilities/omegafold/all_len76,2024-06-12 05:54:30.633748,T4 GPU,5173c41f-e8a6-417c-855a-0748b6c46a2d,976,13894.470334291458 Seconds,14.236137637593707 Seconds (inferred)
omegafold,Structure Prediction,/content/drive/MyDrive/Generative_Models/utilities/fold_inputs/all_len77.fa,/content/drive/MyDrive/Generative_Models/utilities/omegafold/all_len77,2024-06-12 09:46:06.587384,T4 GPU,616bd2cb-19e3-4545-ac18-32a36f3c5403,1038,14793.276382923126 Seconds,14.251711351563705 Seconds (inferred)
omegafold,Structure Prediction,/content/drive/MyDrive/Generative_Models/utilities/fold_inputs/all_len78.fa,/content/drive/MyDrive/Generative_Models/utilities/omegafold/all_len78,2024-06-12 13:52:40.212503,T4 GPU,00364e0e-3f02-42ea-ac9c-2483c5b7a7d8,865,12478.566638708115 Seconds,14.42608859966256 Seconds (inferred)
omegafold,Structure Prediction,/content/drive/MyDrive/Generative_Models/utilities/fold_inputs/all_len79.fa,/content/drive/MyDrive/Generative_Models/utilities/omegafold/all_len79,2024-06-12 17:20:39.112990,T4 GPU,709e8f0e-e8c3-40b4-b0a2-e21069969803,1020,14920.108805656433 Seconds,14.627557652604347 Seconds (inferred)
omegafold,Structure Prediction,/content/drive/MyDrive/Generative_Models/utilities/fold_inputs/all_len80.fa,/content/drive/MyDrive/Generative_Models/utilities/omegafold/all_len80,2024-06-12 21:29:19.562546,T4 GPU,29a032bc-a720-4154-a127-5004818cd9e9,911,13426.771933078766 Seconds,14.738498279998645 Seconds (inferred)
omegafold,Structure Prediction,/content/drive/MyDrive/Generative_Models/utilities/fold_inputs/all_len81.fa,/content/drive/MyDrive/Generative_Models/utilities/omegafold/all_len81,2024-06-13 01:13:06.590415,T4 GPU,88908618-b6e7-4684-82a9-a7ea80a9995e,862,13772.30928325653 Seconds,15.977156941132867 Seconds (inferred)
omegafold,Structure Prediction,/content/drive/MyDrive/Generative_Models/utilities/fold_inputs/all_len82.fa,/content/drive/MyDrive/Generative_Models/utilities/omegafold/all_len82,2024-06-13 08:55:37.100195,T4 GPU,2c94b0c3-d476-4d34-a626-146649ee9db6,820,12356.479890584946 Seconds,15.068877915347494 Seconds (inferred)
omegafold,Structure Prediction,/content/drive/MyDrive/Generative_Models/utilities/fold_inputs/all_len83.fa,/content/drive/MyDrive/Generative_Models/utilities/omegafold/all_len83,2024-06-13 12:21:35.615610,T4 GPU,9781dad9-b65c-4c45-bf6c-fa2983402cda,880,13351.524451255798 Seconds,15.172186876427043 Seconds (inferred)
omegafold,Structure Prediction,/content/drive/MyDrive/Generative_Models/utilities/fold_inputs/all_len84.fa,/content/drive/MyDrive/Generative_Models/utilities/omegafold/all_len84,2024-06-13 16:04:07.597338,T4 GPU,e6c68a36-a9b1-4921-9996-cf672201feda,824,12683.597783088684 Seconds,15.392715756175587 Seconds (inferred)
omegafold,Structure Prediction,/content/drive/MyDrive/Generative_Models/utilities/fold_inputs/all_len85.fa,/content/drive/MyDrive/Generative_Models/utilities/omegafold/all_len85,2024-06-13 19:35:31.752475,T4 GPU,c2e858d8-e2ee-4a94-b240-b6652feb7733,780,11590.930260419846 Seconds,14.860167000538263 Seconds (inferred)
omegafold,Structure Prediction,/content/drive/MyDrive/Generative_Models/utilities/fold_inputs/all_len86.fa,/content/drive/MyDrive/Generative_Models/utilities/omegafold/all_len86,2024-06-13 22:48:43.233645,T4 GPU,5b469608-6c96-4ed6-8039-b0d786f09ba7,1036,15540.150665998459 Seconds,15.000145430500442 Seconds (inferred)
omegafold,Structure Prediction,/content/drive/MyDrive/Generative_Models/utilities/fold_inputs/all_len87.fa,/content/drive/MyDrive/Generative_Models/utilities/omegafold/all_len87,2024-06-14 03:07:43.922414,T4 GPU,d779c67a-2dae-4592-979d-558fa1e5d9d6,858,13056.672983169556 Seconds,15.217567579451696 Seconds (inferred)
omegafold,Structure Prediction,/content/drive/MyDrive/Generative_Models/utilities/fold_inputs/all_len88.fa,/content/drive/MyDrive/Generative_Models/utilities/omegafold/all_len88,2024-06-14 10:28:12.775155,T4 GPU,c5a56250-c323-4704-b85c-f98333dd6660,996,15652.244331121445 Seconds,15.715104750121933 Seconds (inferred)
omegafold,Structure Prediction,/content/drive/MyDrive/Generative_Models/utilities/fold_inputs/all_len89.fa,/content/drive/MyDrive/Generative_Models/utilities/omegafold/all_len89,2024-06-14 14:49:05.875720,T4 GPU,93eb6b32-4662-4f11-9e7c-238a6d03151f,708,11902.137201070786 Seconds,16.81092825009998 Seconds (inferred)
omegafold,Structure Prediction,/content/drive/MyDrive/Generative_Models/utilities/fold_inputs/all_len90.fa,/content/drive/MyDrive/Generative_Models/utilities/omegafold/all_len90,2024-06-14 18:07:28.383510,T4 GPU,320dcc55-aecf-4df5-8788-57ac900fb1a2,850,14502.048124790192 Seconds,17.061233087988462 Seconds (inferred)
omegafold,Structure Prediction,/content/drive/MyDrive/Generative_Models/utilities/fold_inputs/all_len91.fa,/content/drive/MyDrive/Generative_Models/utilities/omegafold/all_len91,2024-06-14 22:09:10.883698,T4 GPU,02eea3c9-1bff-48f4-84b7-5b61333b3a4c,875,15119.358384370804 Seconds,17.279266724995203 Seconds (inferred)
omegafold,Structure Prediction,/content/drive/MyDrive/Generative_Models/utilities/fold_inputs/all_len92.fa,/content/drive/MyDrive/Generative_Models/utilities/omegafold/all_len92,2024-06-15 02:21:10.609212,T4 GPU,5b363033-008d-4434-a707-034a67525b1c,708,12388.339450597763 Seconds,17.49765459123978 Seconds (inferred)
omegafold,Structure Prediction,/content/drive/MyDrive/Generative_Models/utilities/fold_inputs/all_len93.fa,/content/drive/MyDrive/Generative_Models/utilities/omegafold/all_len93,2024-06-15 05:47:39.357849,T4 GPU,853c48f3-2db3-4082-a1a3-c5833c0c851e,934,15906.662165164948 Seconds,17.030687543003157 Seconds (inferred)
omegafold,Structure Prediction,/content/drive/MyDrive/Generative_Models/utilities/fold_inputs/all_len94.fa,/content/drive/MyDrive/Generative_Models/utilities/omegafold/all_len94,2024-06-15 10:42:53.260971,T4 GPU,b390a2e2-cb1c-464f-bc56-0af2dd37aff2,944,17208.482993364334 Seconds,18.2293252048351 Seconds (inferred)
omegafold,Structure Prediction,/content/drive/MyDrive/Generative_Models/utilities/fold_inputs/all_len95.fa,/content/drive/MyDrive/Generative_Models/utilities/omegafold/all_len95,2024-06-15 15:29:42.716584,T4 GPU,c5cf1c17-d407-49b6-9d76-942623719aa6,800,14817.941336154938 Seconds,18.52242667019367 Seconds (inferred)
omegafold,Structure Prediction,/content/drive/MyDrive/Generative_Models/utilities/fold_inputs/all_len96.fa,/content/drive/MyDrive/Generative_Models/utilities/omegafold/all_len96,2024-06-15 19:36:41.522122,T4 GPU,c3f71d17-25eb-450c-9eec-51900345feff,1129,21028.67242884636 Seconds,18.625927749199608 Seconds (inferred)
omegafold,Structure Prediction,/content/drive/MyDrive/Generative_Models/utilities/fold_inputs/all_len97.fa,/content/drive/MyDrive/Generative_Models/utilities/omegafold/all_len97,2024-06-16 01:27:11.078140,T4 GPU,8339fe41-81a0-4fc9-98ec-9c1de5d5103c,891,18150.594553232193 Seconds,20.371037657948587 Seconds (inferred)
omegafold,Structure Prediction,/content/drive/MyDrive/Generative_Models/utilities/fold_inputs/all_len98.fa,/content/drive/MyDrive/Generative_Models/utilities/omegafold/all_len98,2024-06-16 11:34:51.560381,T4 GPU,d62ddf4c-b3e1-4624-9111-0f65046f897b,933,19440.031197071075 Seconds,20.836046299111548 Seconds (inferred)
omegafold,Structure Prediction,/content/drive/MyDrive/Generative_Models/utilities/fold_inputs/all_len99.fa,/content/drive/MyDrive/Generative_Models/utilities/omegafold/all_len99,2024-06-16 16:58:52.251078,T4 GPU,edaf85b3-1065-4239-b119-b975672c9224,840,17360.926756620407 Seconds,20.667769948357627 Seconds (inferred)
omegafold,Structure Prediction,/content/drive/MyDrive/Generative_Models/utilities/fold_inputs/all_len100.fa,/content/drive/MyDrive/Generative_Models/utilities/omegafold/all_len100,2024-06-16 21:48:13.729597,T4 GPU,75d69388-f151-40df-b552-ac9f6c33ecd4,735,3327.8677291870117 Seconds,4.527711196172805 Seconds (inferred)
omegafold,Structure Prediction,/content/drive/MyDrive/Generative_Models/utilities/fold_inputs/all_len126.fa,/content/drive/MyDrive/Generative_Models/utilities/omegafold/all_len126,2024-06-16 22:44:19.321245,T4 GPU,9c3d6e6b-8e0d-4731-8260-bc0acbcf2b8c,1259,35828.794461250305 Seconds,28.45813698272463 Seconds (inferred)
omegafold,Structure Prediction,/content/drive/MyDrive/Generative_Models/utilities/fold_inputs/all_len127.fa,/content/drive/MyDrive/Generative_Models/utilities/omegafold/all_len127,2024-06-17 23:14:41.466895,T4 GPU,f3a62015-ab5d-4f42-8883-ed50df93feb9,1005,29749.740963697433 Seconds,29.6017323021865 Seconds (inferred)
omegafold,Structure Prediction,/content/drive/MyDrive/Generative_Models/utilities/fold_inputs/all_len128.fa,/content/drive/MyDrive/Generative_Models/utilities/omegafold/all_len128,2024-06-18 07:30:32.577166,T4 GPU,ce69d2d9-c5dc-4864-b28b-748fad764ac5,1252,36564.433678627014 Seconds,29.204819232130202 Seconds (inferred)
omegafold,Structure Prediction,/content/drive/MyDrive/Generative_Models/utilities/fold_inputs/all_len129.fa,/content/drive/MyDrive/Generative_Models/utilities/omegafold/all_len129,2024-06-20 00:32:56.703071,T4 GPU,f80ea9fe-889e-45ae-b12b-5d74fa5286ae,100,3617.634749174118 Seconds,36.17634749174118 Seconds (inferred)
omegafold,Structure Prediction,/content/drive/MyDrive/Generative_Models/utilities/fold_inputs/all_len129.fa,/content/drive/MyDrive/Generative_Models/utilities/omegafold/all_len129,2024-06-20 01:33:14.381295,T4 GPU,7f2799c1-f18d-42c6-a50c-6f0c3bfc1e5f,100,3615.397267103195 Seconds,36.15397267103195 Seconds (inferred)
omegafold,Structure Prediction,/content/drive/MyDrive/Generative_Models/utilities/fold_inputs/all_len129.fa,/content/drive/MyDrive/Generative_Models/utilities/omegafold/all_len129,2024-06-20 02:33:29.796974,T4 GPU,1d06c926-e20d-4ebe-8a79-6ede36b9caa3,100,3600.8292598724365 Seconds,36.00829259872437 Seconds (inferred)
omegafold,Structure Prediction,/content/drive/MyDrive/Generative_Models/utilities/fold_inputs/all_len129.fa,/content/drive/MyDrive/Generative_Models/utilities/omegafold/all_len129,2024-06-20 03:33:30.653647,T4 GPU,a2afa73c-a2f5-442d-9cbf-b8c42d520858,100,3621.8044850826263 Seconds,36.21804485082626 Seconds (inferred)
omegafold,Structure Prediction,/content/drive/MyDrive/Generative_Models/utilities/fold_inputs/all_len129.fa,/content/drive/MyDrive/Generative_Models/utilities/omegafold/all_len129,2024-06-20 04:33:52.488026,T4 GPU,89a46c7e-3e2f-4b6c-8352-e43fae7fc43a,100,3581.921837568283 Seconds,35.81921837568283 Seconds (inferred)
omegafold,Structure Prediction,/content/drive/MyDrive/Generative_Models/utilities/fold_inputs/all_len129.fa,/content/drive/MyDrive/Generative_Models/utilities/omegafold/all_len129,2024-06-20 05:33:34.430137,T4 GPU,8dab6eca-2e68-49c0-b250-9d59c628db4f,100,3581.4154036045074 Seconds,35.814154036045075 Seconds (inferred)
omegafold,Structure Prediction,/content/drive/MyDrive/Generative_Models/utilities/fold_inputs/all_len129.fa,/content/drive/MyDrive/Generative_Models/utilities/omegafold/all_len129,2024-06-20 06:33:15.895150,T4 GPU,68434243-5c35-418e-b8ab-f495a5655e2d,100,3582.118417739868 Seconds,35.821184177398685 Seconds (inferred)
omegafold,Structure Prediction,/content/drive/MyDrive/Generative_Models/utilities/fold_inputs/all_len129.fa,/content/drive/MyDrive/Generative_Models/utilities/omegafold/all_len129,2024-06-20 07:32:58.053686,T4 GPU,87d205b6-4b71-4ad3-a43f-772706e552e9,100,3406.5860316753387 Seconds,34.06586031675339 Seconds (inferred)
omegafold,Structure Prediction,/content/drive/MyDrive/Generative_Models/utilities/fold_inputs/all_len129.fa,/content/drive/MyDrive/Generative_Models/utilities/omegafold/all_len129,2024-06-20 08:29:44.670026,T4 GPU,89bd4d2d-6e1b-4ea0-87f7-952c443f97ce,100,3144.271579027176 Seconds,31.44271579027176 Seconds (inferred)
omegafold,Structure Prediction,/content/drive/MyDrive/Generative_Models/utilities/fold_inputs/all_len129.fa,/content/drive/MyDrive/Generative_Models/utilities/omegafold/all_len129,2024-06-20 09:22:08.983447,T4 GPU,6e50c10d-f643-4760-a88d-46f7ccdf801b,100,3221.657250404358 Seconds,32.216572504043576 Seconds (inferred)
omegafold,Structure Prediction,/content/drive/MyDrive/Generative_Models/utilities/fold_inputs/all_len129.fa,/content/drive/MyDrive/Generative_Models/utilities/omegafold/all_len129,2024-06-20 10:15:50.667734,T4 GPU,ff9f93fc-e8d9-49bc-b2b5-c6d5fadb3d5c,82,2856.0315465927124 Seconds,34.8296530072282 Seconds (inferred)
omegafold,Structure Prediction,/content/drive/MyDrive/Generative_Models/utilities/fold_inputs/all_len130.fa,/content/drive/MyDrive/Generative_Models/utilities/omegafold/all_len130,2024-06-20 11:03:27.592993,T4 GPU,03d11ca1-1cd5-45d1-8612-4f5d865a4d10,100,3605.7608082294464 Seconds,36.057608082294465 Seconds (inferred)
omegafold,Structure Prediction,/content/drive/MyDrive/Generative_Models/utilities/fold_inputs/all_len130.fa,/content/drive/MyDrive/Generative_Models/utilities/omegafold/all_len130,2024-06-20 12:03:33.374105,T4 GPU,b12ed2fe-bbf0-4df9-8532-d86687bea477,100,3607.0067698955536 Seconds,36.07006769895553 Seconds (inferred)
omegafold,Structure Prediction,/content/drive/MyDrive/Generative_Models/utilities/fold_inputs/all_len130.fa,/content/drive/MyDrive/Generative_Models/utilities/omegafold/all_len130,2024-06-20 13:03:40.399159,T4 GPU,db40ffc8-026a-41a4-928a-1b5404227382,100,3605.3276319503784 Seconds,36.05327631950379 Seconds (inferred)
omegafold,Structure Prediction,/content/drive/MyDrive/Generative_Models/utilities/fold_inputs/all_len130.fa,/content/drive/MyDrive/Generative_Models/utilities/omegafold/all_len130,2024-06-20 14:03:45.753899,T4 GPU,6b96212c-178c-4965-bf3c-50815335af6e,100,3608.970366716385 Seconds,36.089703667163846 Seconds (inferred)
omegafold,Structure Prediction,/content/drive/MyDrive/Generative_Models/utilities/fold_inputs/all_len130.fa,/content/drive/MyDrive/Generative_Models/utilities/omegafold/all_len130,2024-06-20 15:03:54.743815,T4 GPU,dd2abeb1-3fad-4d98-8f8d-55485f3dc9cc,100,3596.230505466461 Seconds,35.96230505466461 Seconds (inferred)
omegafold,Structure Prediction,/content/drive/MyDrive/Generative_Models/utilities/fold_inputs/all_len130.fa,/content/drive/MyDrive/Generative_Models/utilities/omegafold/all_len130,2024-06-20 16:03:51.002810,T4 GPU,c3271b48-f550-4baa-a9d8-91eb53020a69,100,3601.373460292816 Seconds,36.01373460292816 Seconds (inferred)
omegafold,Structure Prediction,/content/drive/MyDrive/Generative_Models/utilities/fold_inputs/all_len130.fa,/content/drive/MyDrive/Generative_Models/utilities/omegafold/all_len130,2024-06-20 17:03:52.404123,T4 GPU,134136ab-1a85-4c1f-acf3-05e3bd9fcbab,100,3561.8647067546844 Seconds,35.618647067546846 Seconds (inferred)
omegafold,Structure Prediction,/content/drive/MyDrive/Generative_Models/utilities/fold_inputs/all_len130.fa,/content/drive/MyDrive/Generative_Models/utilities/omegafold/all_len130,2024-07-02 01:42:18.155546,T4 GPU,edd52cce-a999-4fae-bf1f-bd93402d1953,100,3005.663370370865 Seconds,30.05663370370865 Seconds (inferred)
omegafold,Structure Prediction,/content/drive/MyDrive/Generative_Models/utilities/fold_inputs/all_len130.fa,/content/drive/MyDrive/Generative_Models/utilities/omegafold/all_len130,2024-07-02 02:32:23.864797,T4 GPU,de1f3cff-8762-44f4-b3ca-e649de111bc7,100,3003.2414944171906 Seconds,30.032414944171904 Seconds (inferred)
omegafold,Structure Prediction,/content/drive/MyDrive/Generative_Models/utilities/fold_inputs/all_len130.fa,/content/drive/MyDrive/Generative_Models/utilities/omegafold/all_len130,2024-07-02 03:22:27.125302,T4 GPU,27ff3d7d-d845-4c7e-98e0-b7f4cc1968c7,100,3141.7570481300354 Seconds,31.417570481300356 Seconds (inferred)
omegafold,Structure Prediction,/content/drive/MyDrive/Generative_Models/utilities/fold_inputs/all_len130.fa,/content/drive/MyDrive/Generative_Models/utilities/omegafold/all_len130,2024-07-02 04:14:48.910506,T4 GPU,a3a741be-ab42-4424-8633-c9c7d8853221,81,2810.1638662815094 Seconds,34.69338106520382 Seconds (inferred)
omegafold,Structure Prediction,/content/drive/MyDrive/Generative_Models/utilities/fold_inputs/all_len131.fa,/content/drive/MyDrive/Generative_Models/utilities/omegafold/all_len131,2024-07-02 05:01:39.958853,T4 GPU,b7c6e900-c1e4-4ac9-b71a-3bcd12ced226,100,3511.605498313904 Seconds,35.11605498313904 Seconds (inferred)
omegafold,Structure Prediction,/content/drive/MyDrive/Generative_Models/utilities/fold_inputs/all_len131.fa,/content/drive/MyDrive/Generative_Models/utilities/omegafold/all_len131,2024-07-02 06:00:11.590789,T4 GPU,db3ca165-7c8b-4e8c-872f-0edcea917cda,100,3512.353461742401 Seconds,35.12353461742401 Seconds (inferred)
omegafold,Structure Prediction,/content/drive/MyDrive/Generative_Models/utilities/fold_inputs/all_len131.fa,/content/drive/MyDrive/Generative_Models/utilities/omegafold/all_len131,2024-07-02 06:58:43.968297,T4 GPU,dbc6ac2e-b823-48a5-ad28-c4964e90d9f0,100,3508.160934448242 Seconds,35.08160934448242 Seconds (inferred)
omegafold,Structure Prediction,/content/drive/MyDrive/Generative_Models/utilities/fold_inputs/all_len131.fa,/content/drive/MyDrive/Generative_Models/utilities/omegafold/all_len131,2024-07-02 07:57:12.159290,T4 GPU,616005d4-b6cb-42a7-94ac-48f4a00ee78e,100,3511.309899330139 Seconds,35.11309899330139 Seconds (inferred)
omegafold,Structure Prediction,/content/drive/MyDrive/Generative_Models/utilities/fold_inputs/all_len131.fa,/content/drive/MyDrive/Generative_Models/utilities/omegafold/all_len131,2024-07-02 08:55:43.496341,T4 GPU,aff979fa-8ab3-42c9-bd38-48100286a670,100,3511.5931837558746 Seconds,35.11593183755875 Seconds (inferred)
omegafold,Structure Prediction,/content/drive/MyDrive/Generative_Models/utilities/fold_inputs/all_len131.fa,/content/drive/MyDrive/Generative_Models/utilities/omegafold/all_len131,2024-07-02 09:54:15.123559,T4 GPU,77d5943c-5051-47de-b463-5bd0b29b3cb7,100,3506.7599194049835 Seconds,35.06759919404983 Seconds (inferred)
omegafold,Structure Prediction,/content/drive/MyDrive/Generative_Models/utilities/fold_inputs/all_len131.fa,/content/drive/MyDrive/Generative_Models/utilities/omegafold/all_len131,2024-07-02 10:52:41.903402,T4 GPU,7741e69e-a475-4b5d-bef2-2f43f3fed20c,100,3505.099151134491 Seconds,35.05099151134491 Seconds (inferred)
omegafold,Structure Prediction,/content/drive/MyDrive/Generative_Models/utilities/fold_inputs/all_len131.fa,/content/drive/MyDrive/Generative_Models/utilities/omegafold/all_len131,2024-07-02 11:51:07.021755,T4 GPU,646a45e8-88e3-4074-8bc3-00aed1c10d3d,100,3196.5250885486603 Seconds,31.965250885486604 Seconds (inferred)
omegafold,Structure Prediction,/content/drive/MyDrive/Generative_Models/utilities/fold_inputs/all_len131.fa,/content/drive/MyDrive/Generative_Models/utilities/omegafold/all_len131,2024-07-02 12:44:23.585333,T4 GPU,81fe2da1-a61d-465c-a533-e6706d9214bc,100,2992.7215452194214 Seconds,29.927215452194215 Seconds (inferred)
omegafold,Structure Prediction,/content/drive/MyDrive/Generative_Models/utilities/fold_inputs/all_len131.fa,/content/drive/MyDrive/Generative_Models/utilities/omegafold/all_len131,2024-07-02 13:34:16.326476,T4 GPU,6dcbce5c-6681-4c9b-9820-a3b631a272b9,100,3400.652155160904 Seconds,34.00652155160904 Seconds (inferred)
omegafold,Structure Prediction,/content/drive/MyDrive/Generative_Models/utilities/fold_inputs/all_len131.fa,/content/drive/MyDrive/Generative_Models/utilities/omegafold/all_len131,2024-07-03 23:11:36.313499,T4 GPU,ff61ad7e-f163-4e6a-a6eb-58d547bcb399,45,1733.7553222179413 Seconds,38.527896049287584 Seconds (inferred)
omegafold,Structure Prediction,/content/drive/MyDrive/Generative_Models/utilities/fold_inputs/all_len132.fa,/content/drive/MyDrive/Generative_Models/utilities/omegafold/all_len132,2024-07-03 23:40:30.594838,T4 GPU,60fef00e-ef4c-41a6-88dc-47716c8b276d,100,3829.8593106269836 Seconds,38.298593106269834 Seconds (inferred)
omegafold,Structure Prediction,/content/drive/MyDrive/Generative_Models/utilities/fold_inputs/all_len132.fa,/content/drive/MyDrive/Generative_Models/utilities/omegafold/all_len132,2024-07-04 00:44:20.474945,T4 GPU,f609bd7b-2dc5-4c35-89d6-a304c356af33,100,3823.1800413131714 Seconds,38.231800413131715 Seconds (inferred)
omegafold,Structure Prediction,/content/drive/MyDrive/Generative_Models/utilities/fold_inputs/all_len132.fa,/content/drive/MyDrive/Generative_Models/utilities/omegafold/all_len132,2024-07-04 01:48:03.686391,T4 GPU,8575969e-7c9e-4441-bc9d-1eabe8d9ebb9,100,3826.4277005195618 Seconds,38.264277005195616 Seconds (inferred)
omegafold,Structure Prediction,/content/drive/MyDrive/Generative_Models/utilities/fold_inputs/all_len132.fa,/content/drive/MyDrive/Generative_Models/utilities/omegafold/all_len132,2024-07-04 02:51:50.135752,T4 GPU,365c0709-eaf0-4612-96cc-86192962148e,100,3814.646479845047 Seconds,38.14646479845047 Seconds (inferred)
omegafold,Structure Prediction,/content/drive/MyDrive/Generative_Models/utilities/fold_inputs/all_len132.fa,/content/drive/MyDrive/Generative_Models/utilities/omegafold/all_len132,2024-07-04 03:55:24.809867,T4 GPU,9ac5d2ce-4433-4d88-bf7e-0cfd8b3a6c2c,100,3811.56147313118 Seconds,38.1156147313118 Seconds (inferred)
omegafold,Structure Prediction,/content/drive/MyDrive/Generative_Models/utilities/fold_inputs/all_len132.fa,/content/drive/MyDrive/Generative_Models/utilities/omegafold/all_len132,2024-07-04 04:58:56.395313,T4 GPU,cf4be811-f091-4da9-8989-fa3d49ea665f,100,3799.4109189510345 Seconds,37.99410918951035 Seconds (inferred)
omegafold,Structure Prediction,/content/drive/MyDrive/Generative_Models/utilities/fold_inputs/all_len132.fa,/content/drive/MyDrive/Generative_Models/utilities/omegafold/all_len132,2024-07-04 06:02:15.838737,T4 GPU,0fb8564a-ffc4-4972-8668-e2a6c58a5024,100,3811.0223157405853 Seconds,38.110223157405855 Seconds (inferred)
omegafold,Structure Prediction,/content/drive/MyDrive/Generative_Models/utilities/fold_inputs/all_len132.fa,/content/drive/MyDrive/Generative_Models/utilities/omegafold/all_len132,2024-07-04 07:05:46.880150,T4 GPU,1c859876-cbb3-48e9-9cd5-997848cc5ab6,100,3807.685272693634 Seconds,38.07685272693634 Seconds (inferred)
omegafold,Structure Prediction,/content/drive/MyDrive/Generative_Models/utilities/fold_inputs/all_len132.fa,/content/drive/MyDrive/Generative_Models/utilities/omegafold/all_len132,2024-07-04 08:09:14.597031,T4 GPU,8204c479-cd0b-45fa-b349-2798db4d8725,100,3323.923734664917 Seconds,33.23923734664917 Seconds (inferred)
omegafold,Structure Prediction,/content/drive/MyDrive/Generative_Models/utilities/fold_inputs/all_len132.fa,/content/drive/MyDrive/Generative_Models/utilities/omegafold/all_len132,2024-07-04 09:04:38.541366,T4 GPU,ae4fe2a0-5ea9-4a27-b1eb-9e859b9b3396,100,3196.1569163799286 Seconds,31.961569163799286 Seconds (inferred)
omegafold,Structure Prediction,/content/drive/MyDrive/Generative_Models/utilities/fold_inputs/all_len132.fa,/content/drive/MyDrive/Generative_Models/utilities/omegafold/all_len132,2024-07-04 09:57:54.733195,T4 GPU,f9f43f9f-971a-46fd-b6b0-4a6dd293e3ee,100,3804.3781611919403 Seconds,38.0437816119194 Seconds (inferred)
omegafold,Structure Prediction,/content/drive/MyDrive/Generative_Models/utilities/fold_inputs/all_len132.fa,/content/drive/MyDrive/Generative_Models/utilities/omegafold/all_len132,2024-07-04 11:01:19.133662,T4 GPU,1e164f91-b370-441e-99dc-df21a34b5e06,11,433.2387099266052 Seconds,39.38533726605502 Seconds (inferred)
omegafold,Structure Prediction,/content/drive/MyDrive/Generative_Models/utilities/fold_inputs/all_len133.fa,/content/drive/MyDrive/Generative_Models/utilities/omegafold/all_len133,2024-07-04 11:08:33.010046,T4 GPU,e83a746e-1cac-458c-a1b6-417ad905d5f8,100,3757.60244345665 Seconds,37.5760244345665 Seconds (inferred)
omegafold,Structure Prediction,/content/drive/MyDrive/Generative_Models/utilities/fold_inputs/all_len133.fa,/content/drive/MyDrive/Generative_Models/utilities/omegafold/all_len133,2024-07-04 12:11:10.635856,T4 GPU,08828e96-d688-43de-b6cc-f3378c458703,100,3754.962165594101 Seconds,37.54962165594101 Seconds (inferred)
omegafold,Structure Prediction,/content/drive/MyDrive/Generative_Models/utilities/fold_inputs/all_len133.fa,/content/drive/MyDrive/Generative_Models/utilities/omegafold/all_len133,2024-07-04 13:13:45.618332,T4 GPU,b3d41083-e917-4a3a-99f4-11e3155b3177,100,3745.9759464263916 Seconds,37.45975946426392 Seconds (inferred)
omegafold,Structure Prediction,/content/drive/MyDrive/Generative_Models/utilities/fold_inputs/all_len133.fa,/content/drive/MyDrive/Generative_Models/utilities/omegafold/all_len133,2024-07-04 14:16:11.613925,T4 GPU,0764f526-1e16-4edd-beed-8465b8e1b863,100,3745.5943791866302 Seconds,37.455943791866304 Seconds (inferred)
omegafold,Structure Prediction,/content/drive/MyDrive/Generative_Models/utilities/fold_inputs/all_len133.fa,/content/drive/MyDrive/Generative_Models/utilities/omegafold/all_len133,2024-07-04 15:18:37.227601,T4 GPU,74cf7e04-b790-4b91-a47a-090d92979a7b,100,3745.8152446746826 Seconds,37.45815244674682 Seconds (inferred)
omegafold,Structure Prediction,/content/drive/MyDrive/Generative_Models/utilities/fold_inputs/all_len133.fa,/content/drive/MyDrive/Generative_Models/utilities/omegafold/all_len133,2024-07-04 16:21:03.061150,T4 GPU,a627ae78-5c92-474d-8667-5ee8a7b4da10,100,3745.5568249225616 Seconds,37.455568249225614 Seconds (inferred)
omegafold,Structure Prediction,/content/drive/MyDrive/Generative_Models/utilities/fold_inputs/all_len133.fa,/content/drive/MyDrive/Generative_Models/utilities/omegafold/all_len133,2024-07-04 17:23:28.638892,T4 GPU,126ffd2a-120f-4457-86f7-4eaff88890e3,100,3194.7360582351685 Seconds,31.947360582351685 Seconds (inferred)
omegafold,Structure Prediction,/content/drive/MyDrive/Generative_Models/utilities/fold_inputs/all_len133.fa,/content/drive/MyDrive/Generative_Models/utilities/omegafold/all_len133,2024-07-04 18:16:43.394198,T4 GPU,eaaf9f0a-2db2-451a-8823-e46e3a031ca8,100,3523.811315059662 Seconds,35.23811315059662 Seconds (inferred)
omegafold,Structure Prediction,/content/drive/MyDrive/Generative_Models/utilities/fold_inputs/all_len133.fa,/content/drive/MyDrive/Generative_Models/utilities/omegafold/all_len133,2024-07-04 19:15:27.232210,T4 GPU,4105e150-39e6-4881-9f28-cef3e7229848,44,1671.419357061386 Seconds,37.986803569576956 Seconds (inferred)
omegafold,Structure Prediction,/content/drive/MyDrive/Generative_Models/utilities/fold_inputs/all_len134.fa,/content/drive/MyDrive/Generative_Models/utilities/omegafold/all_len134,2024-07-04 19:43:19.103798,T4 GPU,d74bcc2e-15c3-4cb4-9f03-1e7ef0faa3e5,100,3777.3926935195923 Seconds,37.773926935195924 Seconds (inferred)
omegafold,Structure Prediction,/content/drive/MyDrive/Generative_Models/utilities/fold_inputs/all_len134.fa,/content/drive/MyDrive/Generative_Models/utilities/omegafold/all_len134,2024-07-04 20:46:16.525247,T4 GPU,160c48fb-09ee-4f12-928b-abc164f76256,100,3776.6229679584503 Seconds,37.766229679584505 Seconds (inferred)
omegafold,Structure Prediction,/content/drive/MyDrive/Generative_Models/utilities/fold_inputs/all_len134.fa,/content/drive/MyDrive/Generative_Models/utilities/omegafold/all_len134,2024-07-04 21:49:13.172632,T4 GPU,eb21c4c3-1770-47a0-a675-0f4cb2b976b9,100,3778.2666964530945 Seconds,37.78266696453095 Seconds (inferred)
omegafold,Structure Prediction,/content/drive/MyDrive/Generative_Models/utilities/fold_inputs/all_len134.fa,/content/drive/MyDrive/Generative_Models/utilities/omegafold/all_len134,2024-07-04 23:41:05.674825,T4 GPU,e8b931aa-2ea7-48d4-a11f-f6bb15def8c8,100,3568.4840013980865 Seconds,35.68484001398087 Seconds (inferred)
omegafold,Structure Prediction,/content/drive/MyDrive/Generative_Models/utilities/fold_inputs/all_len134.fa,/content/drive/MyDrive/Generative_Models/utilities/omegafold/all_len134,2024-07-05 00:40:34.204247,T4 GPU,4a1f65ae-64da-4e29-ba1a-21d225240aa5,100,3554.4792261123657 Seconds,35.54479226112366 Seconds (inferred)
omegafold,Structure Prediction,/content/drive/MyDrive/Generative_Models/utilities/fold_inputs/all_len134.fa,/content/drive/MyDrive/Generative_Models/utilities/omegafold/all_len134,2024-07-05 01:39:48.707348,T4 GPU,cde571bc-1e2e-4b5c-95a4-7f73dbc96b3a,100,3557.1789240837097 Seconds,35.5717892408371 Seconds (inferred)
omegafold,Structure Prediction,/content/drive/MyDrive/Generative_Models/utilities/fold_inputs/all_len134.fa,/content/drive/MyDrive/Generative_Models/utilities/omegafold/all_len134,2024-07-05 02:39:05.913900,T4 GPU,0f0040ec-f740-49d7-98f8-c8de050736a6,100,3557.3029837608337 Seconds,35.57302983760834 Seconds (inferred)
omegafold,Structure Prediction,/content/drive/MyDrive/Generative_Models/utilities/fold_inputs/all_len134.fa,/content/drive/MyDrive/Generative_Models/utilities/omegafold/all_len134,2024-07-05 03:38:23.235331,T4 GPU,9d018260-83be-4f8d-a060-cf4a418e7ec4,100,3127.306749343872 Seconds,31.27306749343872 Seconds (inferred)
omegafold,Structure Prediction,/content/drive/MyDrive/Generative_Models/utilities/fold_inputs/all_len134.fa,/content/drive/MyDrive/Generative_Models/utilities/omegafold/all_len134,2024-07-05 04:30:30.569908,T4 GPU,ab557fa4-3465-4aa1-99d2-e64a81c6b11b,100,3021.2158167362213 Seconds,30.21215816736221 Seconds (inferred)
omegafold,Structure Prediction,/content/drive/MyDrive/Generative_Models/utilities/fold_inputs/all_len134.fa,/content/drive/MyDrive/Generative_Models/utilities/omegafold/all_len134,2024-07-05 05:20:51.817292,T4 GPU,fbb0771f-2f76-4a6b-a6e6-6acb9e7da6f8,100,3289.757912635803 Seconds,32.89757912635803 Seconds (inferred)
omegafold,Structure Prediction,/content/drive/MyDrive/Generative_Models/utilities/fold_inputs/all_len134.fa,/content/drive/MyDrive/Generative_Models/utilities/omegafold/all_len134,2024-07-05 06:15:41.620597,T4 GPU,ab9063f4-8347-4032-9aee-03114096ed21,53,1889.195327758789 Seconds,35.645194863373376 Seconds (inferred)
omegafold,Structure Prediction,/content/drive/MyDrive/Generative_Models/utilities/fold_inputs/all_len171.fa,/content/drive/MyDrive/Generative_Models/utilities/omegafold/all_len171,2024-08-09 04:26:20.357166,T4 GPU,a549fa8c-b50f-4e34-a80d-7939198ecdf7,100,5645.83450627327 Seconds,56.4583450627327 Seconds (inferred)
omegafold,Structure Prediction,/content/drive/MyDrive/Generative_Models/utilities/fold_inputs/all_len171.fa,/content/drive/MyDrive/Generative_Models/utilities/omegafold/all_len171,2024-08-09 06:00:26.216555,T4 GPU,270820b1-12a7-4320-a619-ecd77f4f15ac,100,5619.11975312233 Seconds,56.191197531223295 Seconds (inferred)
omegafold,Structure Prediction,/content/drive/MyDrive/Generative_Models/utilities/fold_inputs/all_len171.fa,/content/drive/MyDrive/Generative_Models/utilities/omegafold/all_len171,2024-08-09 07:34:05.356431,T4 GPU,19848ec3-ff08-44bd-a8b0-bf967839d131,100,5658.178861856461 Seconds,56.58178861856461 Seconds (inferred)
omegafold,Structure Prediction,/content/drive/MyDrive/Generative_Models/utilities/fold_inputs/all_len171.fa,/content/drive/MyDrive/Generative_Models/utilities/omegafold/all_len171,2024-08-09 09:08:23.561357,T4 GPU,7fc22f99-b556-4ade-ba14-0bf5f1faf0a4,100,5659.12019944191 Seconds,56.591201994419094 Seconds (inferred)
omegafold,Structure Prediction,/content/drive/MyDrive/Generative_Models/utilities/fold_inputs/all_len171.fa,/content/drive/MyDrive/Generative_Models/utilities/omegafold/all_len171,2024-08-09 10:42:42.699364,T4 GPU,6d63618c-935a-42c1-b5b9-b9aba32cb022,100,5644.933923482895 Seconds,56.44933923482895 Seconds (inferred)
omegafold,Structure Prediction,/content/drive/MyDrive/Generative_Models/utilities/fold_inputs/all_len171.fa,/content/drive/MyDrive/Generative_Models/utilities/omegafold/all_len171,2024-08-09 12:16:47.653020,T4 GPU,29e7fe4b-f3a0-4d2f-b892-89f1c99c72e9,100,5654.832759857178 Seconds,56.548327598571774 Seconds (inferred)
omegafold,Structure Prediction,/content/drive/MyDrive/Generative_Models/utilities/fold_inputs/all_len171.fa,/content/drive/MyDrive/Generative_Models/utilities/omegafold/all_len171,2024-08-09 13:51:02.526128,T4 GPU,c5bd9f19-cc3b-4196-8bfb-993fb29f8cfa,100,5659.565012216568 Seconds,56.59565012216568 Seconds (inferred)
omegafold,Structure Prediction,/content/drive/MyDrive/Generative_Models/utilities/fold_inputs/all_len171.fa,/content/drive/MyDrive/Generative_Models/utilities/omegafold/all_len171,2024-08-09 15:25:22.113638,T4 GPU,175bf4f6-8f6e-491c-b2cc-4a06d375a990,100,5656.412930727005 Seconds,56.56412930727005 Seconds (inferred)
omegafold,Structure Prediction,/content/drive/MyDrive/Generative_Models/utilities/fold_inputs/all_len171.fa,/content/drive/MyDrive/Generative_Models/utilities/omegafold/all_len171,2024-08-09 16:59:38.544933,T4 GPU,22e43617-3b78-4fef-8dd7-9e91a0db6b62,72,4062.9889285564423 Seconds,56.43040178550614 Seconds (inferred)
omegafold,Structure Prediction,/content/drive/MyDrive/Generative_Models/utilities/fold_inputs/all_len172.fa,/content/drive/MyDrive/Generative_Models/utilities/omegafold/all_len172,2024-08-09 18:07:22.323355,T4 GPU,bbcf8ba2-5300-41d4-8290-411f9c9f8742,100,5650.405228614807 Seconds,56.504052286148074 Seconds (inferred)
omegafold,Structure Prediction,/content/drive/MyDrive/Generative_Models/utilities/fold_inputs/all_len172.fa,/content/drive/MyDrive/Generative_Models/utilities/omegafold/all_len172,2024-08-09 19:41:32.753540,T4 GPU,b03c35a3-51b5-4f7e-8e42-7444f51e2b84,100,5657.55076956749 Seconds,56.575507695674894 Seconds (inferred)
omegafold,Structure Prediction,/content/drive/MyDrive/Generative_Models/utilities/fold_inputs/all_len172.fa,/content/drive/MyDrive/Generative_Models/utilities/omegafold/all_len172,2024-08-09 21:15:50.326719,T4 GPU,8e4a5668-e67a-4980-8277-85b456360b1d,100,5652.0237448215485 Seconds,56.52023744821548 Seconds (inferred)
omegafold,Structure Prediction,/content/drive/MyDrive/Generative_Models/utilities/fold_inputs/all_len172.fa,/content/drive/MyDrive/Generative_Models/utilities/omegafold/all_len172,2024-08-09 22:50:02.371864,T4 GPU,eff4be4a-9757-4500-b44a-0ce79c3324a9,100,5648.242573976517 Seconds,56.48242573976517 Seconds (inferred)
omegafold,Structure Prediction,/content/drive/MyDrive/Generative_Models/utilities/fold_inputs/all_len172.fa,/content/drive/MyDrive/Generative_Models/utilities/omegafold/all_len172,2024-08-10 00:24:10.634611,T4 GPU,72399985-248b-4e10-a222-97c738c5879b,100,5648.19439125061 Seconds,56.481943912506104 Seconds (inferred)
omegafold,Structure Prediction,/content/drive/MyDrive/Generative_Models/utilities/fold_inputs/all_len172.fa,/content/drive/MyDrive/Generative_Models/utilities/omegafold/all_len172,2024-08-12 23:50:48.673941,T4 GPU,b470d860-f090-453e-9a89-0596bcbff072,100,5157.3952894210815 Seconds,51.57395289421081 Seconds (inferred)
omegafold,Structure Prediction,/content/drive/MyDrive/Generative_Models/utilities/fold_inputs/all_len172.fa,/content/drive/MyDrive/Generative_Models/utilities/omegafold/all_len172,2024-08-13 01:16:46.126662,T4 GPU,db9a22d1-d53e-4008-aa4a-07101360c389,80,4098.569197654724 Seconds,51.23211497068405 Seconds (inferred)
omegafold,Structure Prediction,/content/drive/MyDrive/Generative_Models/utilities/fold_inputs/all_len173.fa,/content/drive/MyDrive/Generative_Models/utilities/omegafold/all_len173,2024-08-13 02:25:05.423849,T4 GPU,d747f3b4-a6f7-47f5-b113-c991f9f2a120,100,5043.953904867172 Seconds,50.43953904867172 Seconds (inferred)
omegafold,Structure Prediction,/content/drive/MyDrive/Generative_Models/utilities/fold_inputs/all_len173.fa,/content/drive/MyDrive/Generative_Models/utilities/omegafold/all_len173,2024-08-13 03:49:09.411870,T4 GPU,8160da3d-07bd-4886-a9be-44306b3ea43d,100,5050.430846452713 Seconds,50.50430846452713 Seconds (inferred)
omegafold,Structure Prediction,/content/drive/MyDrive/Generative_Models/utilities/fold_inputs/all_len173.fa,/content/drive/MyDrive/Generative_Models/utilities/omegafold/all_len173,2024-08-13 05:13:19.874954,T4 GPU,d5ce840a-ac7f-4ec5-9e68-ae67d1f37857,100,5043.4283010959625 Seconds,50.434283010959625 Seconds (inferred)
omegafold,Structure Prediction,/content/drive/MyDrive/Generative_Models/utilities/fold_inputs/all_len173.fa,/content/drive/MyDrive/Generative_Models/utilities/omegafold/all_len173,2024-08-13 06:37:23.322905,T4 GPU,601a16fe-3b49-4987-bc7a-512aabf914b2,100,5041.397448539734 Seconds,50.41397448539734 Seconds (inferred)
omegafold,Structure Prediction,/content/drive/MyDrive/Generative_Models/utilities/fold_inputs/all_len173.fa,/content/drive/MyDrive/Generative_Models/utilities/omegafold/all_len173,2024-08-13 08:01:24.749451,T4 GPU,5901e0cc-bad8-4a50-b32b-d2271fd17756,100,5042.274079799652 Seconds,50.42274079799652 Seconds (inferred)
omegafold,Structure Prediction,/content/drive/MyDrive/Generative_Models/utilities/fold_inputs/all_len173.fa,/content/drive/MyDrive/Generative_Models/utilities/omegafold/all_len173,2024-08-13 09:25:27.056374,T4 GPU,a5d5fe61-04d1-45e6-9fc0-77a1bce3acd6,100,5044.376205921173 Seconds,50.44376205921173 Seconds (inferred)
omegafold,Structure Prediction,/content/drive/MyDrive/Generative_Models/utilities/fold_inputs/all_len173.fa,/content/drive/MyDrive/Generative_Models/utilities/omegafold/all_len173,2024-08-13 10:49:31.456353,T4 GPU,e142b45b-9b5d-45ed-b189-215386ffc0d0,100,5039.489630699158 Seconds,50.394896306991576 Seconds (inferred)
omegafold,Structure Prediction,/content/drive/MyDrive/Generative_Models/utilities/fold_inputs/all_len173.fa,/content/drive/MyDrive/Generative_Models/utilities/omegafold/all_len173,2024-08-13 12:13:30.966081,T4 GPU,b221b823-b756-4b8c-ba0c-f2237807f6e6,100,5044.793522596359 Seconds,50.44793522596359 Seconds (inferred)
omegafold,Structure Prediction,/content/drive/MyDrive/Generative_Models/utilities/fold_inputs/all_len173.fa,/content/drive/MyDrive/Generative_Models/utilities/omegafold/all_len173,2024-08-13 13:37:35.804077,T4 GPU,0f997310-268b-4110-ab4c-b25c8e059c5b,14,722.4298715591431 Seconds,51.60213368279593 Seconds (inferred)
omegafold,Structure Prediction,/content/drive/MyDrive/Generative_Models/utilities/fold_inputs/all_len174.fa,/content/drive/MyDrive/Generative_Models/utilities/omegafold/all_len174,2024-08-13 13:49:39.034891,T4 GPU,5e9d3a4f-10a7-4de6-ae6a-4d1743d1f3fa,100,5085.682531833649 Seconds,50.85682531833649 Seconds (inferred)
omegafold,Structure Prediction,/content/drive/MyDrive/Generative_Models/utilities/fold_inputs/all_len174.fa,/content/drive/MyDrive/Generative_Models/utilities/omegafold/all_len174,2024-08-13 15:14:24.750370,T4 GPU,201acbf4-ae7b-4fb0-bcb0-8700fb849afa,100,5080.582211971283 Seconds,50.80582211971283 Seconds (inferred)
omegafold,Structure Prediction,/content/drive/MyDrive/Generative_Models/utilities/fold_inputs/all_len174.fa,/content/drive/MyDrive/Generative_Models/utilities/omegafold/all_len174,2024-08-13 16:39:05.357666,T4 GPU,458f3e8a-5e76-4ee0-ab83-a772e41e147d,100,5083.732974052429 Seconds,50.83732974052429 Seconds (inferred)
omegafold,Structure Prediction,/content/drive/MyDrive/Generative_Models/utilities/fold_inputs/all_len174.fa,/content/drive/MyDrive/Generative_Models/utilities/omegafold/all_len174,2024-08-13 18:03:49.109789,T4 GPU,c34b5c68-178e-4561-8aa2-fab16d77581e,100,5085.311664104462 Seconds,50.853116641044615 Seconds (inferred)
omegafold,Structure Prediction,/content/drive/MyDrive/Generative_Models/utilities/fold_inputs/all_len174.fa,/content/drive/MyDrive/Generative_Models/utilities/omegafold/all_len174,2024-08-13 19:28:34.443096,T4 GPU,c2c245d2-c913-4520-bfca-ac02d63e835d,100,5088.154578208923 Seconds,50.88154578208923 Seconds (inferred)
omegafold,Structure Prediction,/content/drive/MyDrive/Generative_Models/utilities/fold_inputs/all_len174.fa,/content/drive/MyDrive/Generative_Models/utilities/omegafold/all_len174,2024-08-13 20:53:22.617741,T4 GPU,d33d9ff4-cb3f-4f98-bafc-5879bc9e7875,100,5088.210370063782 Seconds,50.88210370063782 Seconds (inferred)
omegafold,Structure Prediction,/content/drive/MyDrive/Generative_Models/utilities/fold_inputs/all_len174.fa,/content/drive/MyDrive/Generative_Models/utilities/omegafold/all_len174,2024-08-13 22:18:10.847307,T4 GPU,973b57b1-f0e0-4295-88ff-1a4b5822875d,100,5084.636784553528 Seconds,50.846367845535276 Seconds (inferred)
omegafold,Structure Prediction,/content/drive/MyDrive/Generative_Models/utilities/fold_inputs/all_len174.fa,/content/drive/MyDrive/Generative_Models/utilities/omegafold/all_len174,2024-08-14 00:33:09.589481,T4 GPU,18db7e2d-0f33-4c57-93f1-b5bece1ed7f7,79,4345.2148604393005 Seconds,55.00271975239621 Seconds (inferred)
omegafold,Structure Prediction,/content/drive/MyDrive/Generative_Models/utilities/fold_inputs/all_len175.fa,/content/drive/MyDrive/Generative_Models/utilities/omegafold/all_len175,2024-08-14 01:45:35.685858,T4 GPU,5857f746-ce2f-4f67-952b-259ea6537fa9,100,5605.446569681168 Seconds,56.054465696811675 Seconds (inferred)
omegafold,Structure Prediction,/content/drive/MyDrive/Generative_Models/utilities/fold_inputs/all_len175.fa,/content/drive/MyDrive/Generative_Models/utilities/omegafold/all_len175,2024-08-14 03:19:01.151086,T4 GPU,2772709a-6740-479e-aee4-a2e2282f12b4,100,5601.604130744934 Seconds,56.01604130744934 Seconds (inferred)
omegafold,Structure Prediction,/content/drive/MyDrive/Generative_Models/utilities/fold_inputs/all_len175.fa,/content/drive/MyDrive/Generative_Models/utilities/omegafold/all_len175,2024-08-14 04:52:22.786820,T4 GPU,d982762d-34d7-4a66-a5d2-3e26f7e113a4,100,5613.80495595932 Seconds,56.1380495595932 Seconds (inferred)
omegafold,Structure Prediction,/content/drive/MyDrive/Generative_Models/utilities/fold_inputs/all_len175.fa,/content/drive/MyDrive/Generative_Models/utilities/omegafold/all_len175,2024-08-14 06:25:56.610172,T4 GPU,f3c2773d-50d4-44b9-9a65-b80ba278b71b,100,5598.799119710922 Seconds,55.987991197109224 Seconds (inferred)
omegafold,Structure Prediction,/content/drive/MyDrive/Generative_Models/utilities/fold_inputs/all_len175.fa,/content/drive/MyDrive/Generative_Models/utilities/omegafold/all_len175,2024-08-14 07:59:15.428063,T4 GPU,e78116e7-1235-4bd6-bcf6-03ef456835f7,100,5610.253714084625 Seconds,56.10253714084625 Seconds (inferred)
omegafold,Structure Prediction,/content/drive/MyDrive/Generative_Models/utilities/fold_inputs/all_len175.fa,/content/drive/MyDrive/Generative_Models/utilities/omegafold/all_len175,2024-08-14 09:32:45.712759,T4 GPU,fc5248ce-e99d-4dd0-8768-dc1199b22d89,100,5607.9182024002075 Seconds,56.07918202400207 Seconds (inferred)
omegafold,Structure Prediction,/content/drive/MyDrive/Generative_Models/utilities/fold_inputs/all_len175.fa,/content/drive/MyDrive/Generative_Models/utilities/omegafold/all_len175,2024-08-14 11:06:13.667450,T4 GPU,b70f8ad1-c191-4cc5-88a3-a8a0714544d7,100,5588.319584608078 Seconds,55.88319584608078 Seconds (inferred)
omegafold,Structure Prediction,/content/drive/MyDrive/Generative_Models/utilities/fold_inputs/all_len175.fa,/content/drive/MyDrive/Generative_Models/utilities/omegafold/all_len175,2024-08-14 12:39:22.010421,T4 GPU,6ff4cfbe-5bad-427b-8120-ad912306cf01,100,5570.024191379547 Seconds,55.70024191379547 Seconds (inferred)
omegafold,Structure Prediction,/content/drive/MyDrive/Generative_Models/utilities/fold_inputs/all_len175.fa,/content/drive/MyDrive/Generative_Models/utilities/omegafold/all_len175,2024-08-14 14:12:12.054696,T4 GPU,e688ea38-34a0-4b62-9efd-ad19d20428ee,3,189.10338282585144 Seconds,63.03446094195048 Seconds (inferred)
omegafold,Structure Prediction,/content/drive/MyDrive/Generative_Models/utilities/fold_inputs/all_len176.fa,/content/drive/MyDrive/Generative_Models/utilities/omegafold/all_len176,2024-08-14 14:15:21.971231,T4 GPU,6a467471-cddb-41b2-91f5-34238cb34990,100,5572.9282858371735 Seconds,55.72928285837173 Seconds (inferred)
omegafold,Structure Prediction,/content/drive/MyDrive/Generative_Models/utilities/fold_inputs/all_len176.fa,/content/drive/MyDrive/Generative_Models/utilities/omegafold/all_len176,2024-08-14 15:48:14.929945,T4 GPU,8ed4935c-bf3d-4a4f-8563-bcc1748483ac,100,5572.988609075546 Seconds,55.729886090755464 Seconds (inferred)
omegafold,Structure Prediction,/content/drive/MyDrive/Generative_Models/utilities/fold_inputs/all_len176.fa,/content/drive/MyDrive/Generative_Models/utilities/omegafold/all_len176,2024-08-14 17:21:07.938395,T4 GPU,45103d35-2fad-4dbe-b49e-fd27fd894494,100,5561.4820728302 Seconds,55.614820728302 Seconds (inferred)
omegafold,Structure Prediction,/content/drive/MyDrive/Generative_Models/utilities/fold_inputs/all_len176.fa,/content/drive/MyDrive/Generative_Models/utilities/omegafold/all_len176,2024-08-14 18:53:49.459430,T4 GPU,78057ea4-ba87-4e6f-b844-289aaab45d6e,100,5558.196426391602 Seconds,55.581964263916014 Seconds (inferred)
omegafold,Structure Prediction,/content/drive/MyDrive/Generative_Models/utilities/fold_inputs/all_len176.fa,/content/drive/MyDrive/Generative_Models/utilities/omegafold/all_len176,2024-08-14 20:26:27.676232,T4 GPU,e858e2d0-f320-43cc-aa3f-14e632c68c26,100,5561.166265249252 Seconds,55.61166265249253 Seconds (inferred)
omegafold,Structure Prediction,/content/drive/MyDrive/Generative_Models/utilities/fold_inputs/all_len176.fa,/content/drive/MyDrive/Generative_Models/utilities/omegafold/all_len176,2024-08-14 21:59:08.864711,T4 GPU,79ab0efc-547f-49be-b8fe-056999a47085,100,5555.007734775543 Seconds,55.55007734775543 Seconds (inferred)
omegafold,Structure Prediction,/content/drive/MyDrive/Generative_Models/utilities/fold_inputs/all_len176.fa,/content/drive/MyDrive/Generative_Models/utilities/omegafold/all_len176,2024-08-15 01:58:35.985207,T4 GPU,80a0cb26-0d87-4c40-9afd-2e6ecf8583ad,100,5439.277725219727 Seconds,54.39277725219726 Seconds (inferred)
omegafold,Structure Prediction,/content/drive/MyDrive/Generative_Models/utilities/fold_inputs/all_len176.fa,/content/drive/MyDrive/Generative_Models/utilities/omegafold/all_len176,2024-09-03 23:33:00.278239,T4 GPU,ce5bee44-5e69-4467-9a67-2dae53f608b2,100,5636.578196287155 Seconds,56.36578196287155 Seconds (inferred)
omegafold,Structure Prediction,/content/drive/MyDrive/Generative_Models/utilities/fold_inputs/all_len176.fa,/content/drive/MyDrive/Generative_Models/utilities/omegafold/all_len176,2024-09-04 01:06:56.923933,T4 GPU,da12e987-8b19-4857-a21e-bc70d3de8265,28,1583.2574625015259 Seconds,56.544909375054495 Seconds (inferred)
omegafold,Structure Prediction,/content/drive/MyDrive/Generative_Models/utilities/fold_inputs/all_len177.fa,/content/drive/MyDrive/Generative_Models/utilities/omegafold/all_len177,2024-09-04 01:33:21.072520,T4 GPU,3e9b442d-9986-4a4a-a001-5ee84c725739,100,6017.607593536377 Seconds,60.17607593536377 Seconds (inferred)
omegafold,Structure Prediction,/content/drive/MyDrive/Generative_Models/utilities/fold_inputs/all_len177.fa,/content/drive/MyDrive/Generative_Models/utilities/omegafold/all_len177,2024-09-04 03:13:38.702304,T4 GPU,fd641f65-e368-48e6-b53d-83e21e5c212f,100,6027.020643949509 Seconds,60.270206439495084 Seconds (inferred)
omegafold,Structure Prediction,/content/drive/MyDrive/Generative_Models/utilities/fold_inputs/all_len177.fa,/content/drive/MyDrive/Generative_Models/utilities/omegafold/all_len177,2024-09-04 04:54:05.750063,T4 GPU,cea0d83d-ad44-45e5-81a9-1b22a23e06e4,100,6024.184435844421 Seconds,60.24184435844421 Seconds (inferred)
omegafold,Structure Prediction,/content/drive/MyDrive/Generative_Models/utilities/fold_inputs/all_len177.fa,/content/drive/MyDrive/Generative_Models/utilities/omegafold/all_len177,2024-09-04 06:34:29.960531,T4 GPU,90c48c4f-5c88-4fc1-a95b-40fef36e7dfa,100,5911.0078065395355 Seconds,59.110078065395356 Seconds (inferred)
omegafold,Structure Prediction,/content/drive/MyDrive/Generative_Models/utilities/fold_inputs/all_len177.fa,/content/drive/MyDrive/Generative_Models/utilities/omegafold/all_len177,2024-09-04 08:13:00.987550,T4 GPU,37aeced5-cfa5-43ec-8c89-61eba09f997e,100,6031.769109487534 Seconds,60.317691094875336 Seconds (inferred)
omegafold,Structure Prediction,/content/drive/MyDrive/Generative_Models/utilities/fold_inputs/all_len177.fa,/content/drive/MyDrive/Generative_Models/utilities/omegafold/all_len177,2024-09-04 09:53:32.781015,T4 GPU,408e67ce-a469-47e1-92e3-7a5fb2f55585,100,6032.434200763702 Seconds,60.32434200763702 Seconds (inferred)
omegafold,Structure Prediction,/content/drive/MyDrive/Generative_Models/utilities/fold_inputs/all_len177.fa,/content/drive/MyDrive/Generative_Models/utilities/omegafold/all_len177,2024-09-04 11:34:05.236964,T4 GPU,fbd2a3ec-3c99-4cae-93d8-de9f9f04ab8f,100,6020.593431472778 Seconds,60.205934314727784 Seconds (inferred)
omegafold,Structure Prediction,/content/drive/MyDrive/Generative_Models/utilities/fold_inputs/all_len177.fa,/content/drive/MyDrive/Generative_Models/utilities/omegafold/all_len177,2024-09-04 13:14:25.849687,T4 GPU,9c82c46a-cdf2-49fd-bf30-dddddf42a7f5,100,6017.463095426559 Seconds,60.174630954265595 Seconds (inferred)
omegafold,Structure Prediction,/content/drive/MyDrive/Generative_Models/utilities/fold_inputs/all_len177.fa,/content/drive/MyDrive/Generative_Models/utilities/omegafold/all_len177,2024-09-04 14:54:43.334214,T4 GPU,bab181f8-0275-4ad6-98a4-dcc96c3e2970,55,3269.592437028885 Seconds,59.447135218707 Seconds (inferred)
omegafold,Structure Prediction,/content/drive/MyDrive/Generative_Models/utilities/fold_inputs/all_len178.fa,/content/drive/MyDrive/Generative_Models/utilities/omegafold/all_len178,2024-09-04 15:49:13.851140,T4 GPU,06b64741-47e6-429f-abd8-faef28829f8c,100,6034.669412612915 Seconds,60.34669412612915 Seconds (inferred)
omegafold,Structure Prediction,/content/drive/MyDrive/Generative_Models/utilities/fold_inputs/all_len178.fa,/content/drive/MyDrive/Generative_Models/utilities/omegafold/all_len178,2024-09-04 17:29:48.542498,T4 GPU,76c3d70c-484f-4f19-b2a1-3178cfd8dd4c,100,6033.715962409973 Seconds,60.33715962409973 Seconds (inferred)
omegafold,Structure Prediction,/content/drive/MyDrive/Generative_Models/utilities/fold_inputs/all_len178.fa,/content/drive/MyDrive/Generative_Models/utilities/omegafold/all_len178,2024-09-04 19:10:22.278601,T4 GPU,6ee598f7-868f-40ac-9f9b-3c7d9bdd19cd,100,6011.816118001938 Seconds,60.11816118001938 Seconds (inferred)
omegafold,Structure Prediction,/content/drive/MyDrive/Generative_Models/utilities/fold_inputs/all_len178.fa,/content/drive/MyDrive/Generative_Models/utilities/omegafold/all_len178,2024-09-04 20:50:34.115861,T4 GPU,278bc24c-eb75-41a5-893e-5359f29d15ac,100,5963.387206554413 Seconds,59.633872065544125 Seconds (inferred)
omegafold,Structure Prediction,/content/drive/MyDrive/Generative_Models/utilities/fold_inputs/all_len178.fa,/content/drive/MyDrive/Generative_Models/utilities/omegafold/all_len178,2024-09-04 23:28:15.556793,T4 GPU,83f44c9a-c2b1-4462-b4ce-e8a759a7cbcd,100,5646.209498643875 Seconds,56.46209498643875 Seconds (inferred)
omegafold,Structure Prediction,/content/drive/MyDrive/Generative_Models/utilities/fold_inputs/all_len178.fa,/content/drive/MyDrive/Generative_Models/utilities/omegafold/all_len178,2024-09-05 01:02:21.822720,T4 GPU,78fbf6d2-06b6-43e2-be38-10ce5e13b7d5,100,5641.744888782501 Seconds,56.41744888782501 Seconds (inferred)
omegafold,Structure Prediction,/content/drive/MyDrive/Generative_Models/utilities/fold_inputs/all_len178.fa,/content/drive/MyDrive/Generative_Models/utilities/omegafold/all_len178,2024-09-05 02:36:23.594859,T4 GPU,0996caa7-2bc3-45f0-ae63-83d4435ee9ef,100,5641.163869380951 Seconds,56.41163869380951 Seconds (inferred)
omegafold,Structure Prediction,/content/drive/MyDrive/Generative_Models/utilities/fold_inputs/all_len178.fa,/content/drive/MyDrive/Generative_Models/utilities/omegafold/all_len178,2024-09-05 04:10:24.799311,T4 GPU,adc554fe-c107-4860-ab30-9648d2daf9d1,100,5643.014777421951 Seconds,56.43014777421951 Seconds (inferred)
omegafold,Structure Prediction,/content/drive/MyDrive/Generative_Models/utilities/fold_inputs/all_len178.fa,/content/drive/MyDrive/Generative_Models/utilities/omegafold/all_len178,2024-09-05 05:44:27.833588,T4 GPU,c067e41d-b827-421f-b0d5-c577d31f614d,100,5633.908066034317 Seconds,56.33908066034317 Seconds (inferred)
omegafold,Structure Prediction,/content/drive/MyDrive/Generative_Models/utilities/fold_inputs/all_len178.fa,/content/drive/MyDrive/Generative_Models/utilities/omegafold/all_len178,2024-09-05 07:18:21.784709,T4 GPU,c8ab5353-5c77-4f8d-b0b1-2b30d861f4c8,19,1092.2829160690308 Seconds,57.488574529948984 Seconds (inferred)
omegafold,Structure Prediction,/content/drive/MyDrive/Generative_Models/utilities/fold_inputs/all_len179.fa,/content/drive/MyDrive/Generative_Models/utilities/omegafold/all_len179,2024-09-05 07:36:34.919806,T4 GPU,f5b3d1bb-383d-4a4d-be69-e9b210ee1380,100,5707.319661140442 Seconds,57.07319661140442 Seconds (inferred)
omegafold,Structure Prediction,/content/drive/MyDrive/Generative_Models/utilities/fold_inputs/all_len179.fa,/content/drive/MyDrive/Generative_Models/utilities/omegafold/all_len179,2024-09-05 09:11:42.280580,T4 GPU,afdfac26-46e6-43c5-8a75-6a3d021945b7,100,5684.203078985214 Seconds,56.842030789852146 Seconds (inferred)
omegafold,Structure Prediction,/content/drive/MyDrive/Generative_Models/utilities/fold_inputs/all_len179.fa,/content/drive/MyDrive/Generative_Models/utilities/omegafold/all_len179,2024-09-05 10:46:26.507541,T4 GPU,ed7a1752-222e-4652-aedb-2f898b69ab1d,100,5662.659618616104 Seconds,56.62659618616104 Seconds (inferred)
omegafold,Structure Prediction,/content/drive/MyDrive/Generative_Models/utilities/fold_inputs/all_len179.fa,/content/drive/MyDrive/Generative_Models/utilities/omegafold/all_len179,2024-09-05 12:20:49.211892,T4 GPU,e32a5eb5-0a4a-446f-bc2f-6359511aa47c,100,5701.329265594482 Seconds,57.013292655944824 Seconds (inferred)
omegafold,Structure Prediction,/content/drive/MyDrive/Generative_Models/utilities/fold_inputs/all_len179.fa,/content/drive/MyDrive/Generative_Models/utilities/omegafold/all_len179,2024-09-05 13:55:50.564361,T4 GPU,fc498b91-75fc-4fc3-a5de-42d24ce042a4,100,5703.738496303558 Seconds,57.037384963035585 Seconds (inferred)
omegafold,Structure Prediction,/content/drive/MyDrive/Generative_Models/utilities/fold_inputs/all_len179.fa,/content/drive/MyDrive/Generative_Models/utilities/omegafold/all_len179,2024-09-05 15:30:54.354400,T4 GPU,5826f679-73ec-475d-ad33-8d8f7a9f5067,100,5700.830421924591 Seconds,57.00830421924591 Seconds (inferred)
omegafold,Structure Prediction,/content/drive/MyDrive/Generative_Models/utilities/fold_inputs/all_len179.fa,/content/drive/MyDrive/Generative_Models/utilities/omegafold/all_len179,2024-09-05 17:05:55.221015,T4 GPU,01e72724-058d-481e-9098-233fa2d29447,100,5706.161680459976 Seconds,57.061616804599765 Seconds (inferred)
omegafold,Structure Prediction,/content/drive/MyDrive/Generative_Models/utilities/fold_inputs/all_len179.fa,/content/drive/MyDrive/Generative_Models/utilities/omegafold/all_len179,2024-09-05 18:41:01.410085,T4 GPU,da845e1a-15f0-4a84-854e-e1499dae9e78,100,5703.522276878357 Seconds,57.03522276878357 Seconds (inferred)
omegafold,Structure Prediction,/content/drive/MyDrive/Generative_Models/utilities/fold_inputs/all_len179.fa,/content/drive/MyDrive/Generative_Models/utilities/omegafold/all_len179,2024-09-05 20:16:04.954338,T4 GPU,cd04d8df-239e-48a7-9d8b-38cdca7d9123,56,3196.304797410965 Seconds,57.07687138233866 Seconds (inferred)
omegafold,Structure Prediction,/content/drive/MyDrive/Generative_Models/utilities/fold_inputs/all_len180.fa,/content/drive/MyDrive/Generative_Models/utilities/omegafold/all_len180,2024-09-05 21:09:21.953749,T4 GPU,bb64ea2b-ec0e-4984-bcf6-a45f07f831c0,100,5656.343059301376 Seconds,56.56343059301376 Seconds (inferred)
omegafold,Structure Prediction,/content/drive/MyDrive/Generative_Models/utilities/fold_inputs/all_len180.fa,/content/drive/MyDrive/Generative_Models/utilities/omegafold/all_len180,2024-09-05 23:23:57.060914,T4 GPU,99140928-eea5-4583-87ef-c8c02f6779f0,100,6099.457670927048 Seconds,60.994576709270476 Seconds (inferred)
omegafold,Structure Prediction,/content/drive/MyDrive/Generative_Models/utilities/fold_inputs/all_len180.fa,/content/drive/MyDrive/Generative_Models/utilities/omegafold/all_len180,2024-09-06 01:05:36.578695,T4 GPU,a3f59ee1-e91c-44a7-afc8-ba295d15e6ca,100,6103.918466567993 Seconds,61.03918466567993 Seconds (inferred)
omegafold,Structure Prediction,/content/drive/MyDrive/Generative_Models/utilities/fold_inputs/all_len180.fa,/content/drive/MyDrive/Generative_Models/utilities/omegafold/all_len180,2024-09-06 02:47:20.520359,T4 GPU,172b28d3-f03b-4e4e-85ff-e1d3d638cb70,100,6097.024911642075 Seconds,60.970249116420746 Seconds (inferred)
omegafold,Structure Prediction,/content/drive/MyDrive/Generative_Models/utilities/fold_inputs/all_len180.fa,/content/drive/MyDrive/Generative_Models/utilities/omegafold/all_len180,2024-09-06 04:28:57.564302,T4 GPU,c8d640ab-9b3b-4463-ba9a-edba2347f76f,100,6085.4232494831085 Seconds,60.85423249483109 Seconds (inferred)
omegafold,Structure Prediction,/content/drive/MyDrive/Generative_Models/utilities/fold_inputs/all_len180.fa,/content/drive/MyDrive/Generative_Models/utilities/omegafold/all_len180,2024-09-06 06:10:23.030370,T4 GPU,436be690-8ae4-4170-b7f8-1b40fa192ec0,100,6093.371584177017 Seconds,60.93371584177017 Seconds (inferred)
omegafold,Structure Prediction,/content/drive/MyDrive/Generative_Models/utilities/fold_inputs/all_len180.fa,/content/drive/MyDrive/Generative_Models/utilities/omegafold/all_len180,2024-09-06 07:51:56.423348,T4 GPU,0ffc77b5-133c-4fe8-9cb7-0a6be5f8ddda,100,6081.938383340836 Seconds,60.81938383340835 Seconds (inferred)
omegafold,Structure Prediction,/content/drive/MyDrive/Generative_Models/utilities/fold_inputs/all_len180.fa,/content/drive/MyDrive/Generative_Models/utilities/omegafold/all_len180,2024-09-06 09:33:18.400661,T4 GPU,f776380b-facc-47da-9217-d97301c23194,82,4994.160001039505 Seconds,60.904390256579326 Seconds (inferred)
omegafold,Structure Prediction,/content/drive/MyDrive/Generative_Models/utilities/fold_inputs/all_len191.fa,/content/drive/MyDrive/Generative_Models/utilities/omegafold/all_len191,2024-09-08 23:24:51.293370,T4 GPU,1d246e74-217d-4600-9d6f-647209b1e2c4,100,6544.714751243591 Seconds,65.44714751243592 Seconds (inferred)
omegafold,Structure Prediction,/content/drive/MyDrive/Generative_Models/utilities/fold_inputs/all_len191.fa,/content/drive/MyDrive/Generative_Models/utilities/omegafold/all_len191,2024-09-09 01:13:56.051598,T4 GPU,6c512c08-8666-4446-abc1-9e182ed82585,100,6550.397118806839 Seconds,65.50397118806839 Seconds (inferred)
omegafold,Structure Prediction,/content/drive/MyDrive/Generative_Models/utilities/fold_inputs/all_len191.fa,/content/drive/MyDrive/Generative_Models/utilities/omegafold/all_len191,2024-09-09 03:03:06.476870,T4 GPU,8c4493b6-f9f6-4395-9c5d-3f10bb745b1c,100,6546.942244529724 Seconds,65.46942244529724 Seconds (inferred)
omegafold,Structure Prediction,/content/drive/MyDrive/Generative_Models/utilities/fold_inputs/all_len191.fa,/content/drive/MyDrive/Generative_Models/utilities/omegafold/all_len191,2024-09-09 04:52:13.442655,T4 GPU,7641e50c-25ad-4bcd-9e56-f1a9a223e9bd,100,6549.571441650391 Seconds,65.4957144165039 Seconds (inferred)
omegafold,Structure Prediction,/content/drive/MyDrive/Generative_Models/utilities/fold_inputs/all_len191.fa,/content/drive/MyDrive/Generative_Models/utilities/omegafold/all_len191,2024-09-09 06:41:23.046671,T4 GPU,8ff5741b-2a4f-472b-b762-1cdb1c6e5068,100,6548.436258554459 Seconds,65.48436258554459 Seconds (inferred)
omegafold,Structure Prediction,/content/drive/MyDrive/Generative_Models/utilities/fold_inputs/all_len191.fa,/content/drive/MyDrive/Generative_Models/utilities/omegafold/all_len191,2024-09-09 08:30:31.508827,T4 GPU,ea7c60ce-c196-4c86-bbdf-dd8996aa1efe,100,6545.2526478767395 Seconds,65.4525264787674 Seconds (inferred)
omegafold,Structure Prediction,/content/drive/MyDrive/Generative_Models/utilities/fold_inputs/all_len191.fa,/content/drive/MyDrive/Generative_Models/utilities/omegafold/all_len191,2024-09-09 10:19:36.784075,T4 GPU,4380995e-4d5d-46f1-b055-ab0cbae33071,100,6545.546482086182 Seconds,65.45546482086182 Seconds (inferred)
omegafold,Structure Prediction,/content/drive/MyDrive/Generative_Models/utilities/fold_inputs/all_len191.fa,/content/drive/MyDrive/Generative_Models/utilities/omegafold/all_len191,2024-09-09 12:08:42.367321,T4 GPU,b1f70ab8-74d1-4984-9382-f05b7d5505fe,100,6513.074926614761 Seconds,65.13074926614762 Seconds (inferred)
omegafold,Structure Prediction,/content/drive/MyDrive/Generative_Models/utilities/fold_inputs/all_len191.fa,/content/drive/MyDrive/Generative_Models/utilities/omegafold/all_len191,2024-09-09 13:57:15.471391,T4 GPU,9dd51ddd-9979-4201-a654-6c792aa7084c,12,807.0837717056274 Seconds,67.25698097546895 Seconds (inferred)
omegafold,Structure Prediction,/content/drive/MyDrive/Generative_Models/utilities/fold_inputs/all_len192.fa,/content/drive/MyDrive/Generative_Models/utilities/omegafold/all_len192,2024-09-09 14:10:43.376719,T4 GPU,77e9bd4f-99db-4184-a867-144333590e8c,100,6552.361442327499 Seconds,65.52361442327499 Seconds (inferred)
omegafold,Structure Prediction,/content/drive/MyDrive/Generative_Models/utilities/fold_inputs/all_len192.fa,/content/drive/MyDrive/Generative_Models/utilities/omegafold/all_len192,2024-09-09 15:59:55.778962,T4 GPU,76c64197-47ae-4f77-b00c-c601971f12a1,100,6551.761841058731 Seconds,65.51761841058732 Seconds (inferred)
omegafold,Structure Prediction,/content/drive/MyDrive/Generative_Models/utilities/fold_inputs/all_len192.fa,/content/drive/MyDrive/Generative_Models/utilities/omegafold/all_len192,2024-09-09 17:49:07.568851,T4 GPU,546d4084-361d-4a21-9fb7-725547cf332d,100,6549.477267980576 Seconds,65.49477267980575 Seconds (inferred)
omegafold,Structure Prediction,/content/drive/MyDrive/Generative_Models/utilities/fold_inputs/all_len192.fa,/content/drive/MyDrive/Generative_Models/utilities/omegafold/all_len192,2024-09-09 19:38:17.071217,T4 GPU,eabeca40-e2a5-48f8-93e9-165b8b0073f8,100,6551.072868108749 Seconds,65.5107286810875 Seconds (inferred)
omegafold,Structure Prediction,/content/drive/MyDrive/Generative_Models/utilities/fold_inputs/all_len192.fa,/content/drive/MyDrive/Generative_Models/utilities/omegafold/all_len192,2024-09-09 23:14:29.138856,T4 GPU,897def31-ce35-4417-ae9b-78e7234a27b6,100,6537.923376083374 Seconds,65.37923376083374 Seconds (inferred)
omegafold,Structure Prediction,/content/drive/MyDrive/Generative_Models/utilities/fold_inputs/all_len192.fa,/content/drive/MyDrive/Generative_Models/utilities/omegafold/all_len192,2024-09-10 01:03:27.100914,T4 GPU,3f92ab95-5e9f-4085-84a6-38d0e7f6ae25,100,6506.029752731323 Seconds,65.06029752731324 Seconds (inferred)
omegafold,Structure Prediction,/content/drive/MyDrive/Generative_Models/utilities/fold_inputs/all_len192.fa,/content/drive/MyDrive/Generative_Models/utilities/omegafold/all_len192,2024-09-10 02:51:53.152636,T4 GPU,e21995f8-b755-49cc-8ef3-99ed87e0099a,100,6504.521496295929 Seconds,65.04521496295929 Seconds (inferred)
omegafold,Structure Prediction,/content/drive/MyDrive/Generative_Models/utilities/fold_inputs/all_len192.fa,/content/drive/MyDrive/Generative_Models/utilities/omegafold/all_len192,2024-09-10 04:40:17.698942,T4 GPU,131320e9-d04e-4289-b44e-fd8e681f3e20,62,4043.315276622772 Seconds,65.21476252617374 Seconds (inferred)
omegafold,Structure Prediction,/content/drive/MyDrive/Generative_Models/utilities/fold_inputs/all_len193.fa,/content/drive/MyDrive/Generative_Models/utilities/omegafold/all_len193,2024-09-10 05:47:41.712565,T4 GPU,fd38b67e-efea-4b5e-addb-8f2f6af7fa74,100,6869.112461805344 Seconds,68.69112461805344 Seconds (inferred)
omegafold,Structure Prediction,/content/drive/MyDrive/Generative_Models/utilities/fold_inputs/all_len193.fa,/content/drive/MyDrive/Generative_Models/utilities/omegafold/all_len193,2024-09-10 07:42:10.856470,T4 GPU,7370bf3c-70a7-4546-9a1b-46f0567f51bd,100,6868.160173892975 Seconds,68.68160173892974 Seconds (inferred)
omegafold,Structure Prediction,/content/drive/MyDrive/Generative_Models/utilities/fold_inputs/all_len193.fa,/content/drive/MyDrive/Generative_Models/utilities/omegafold/all_len193,2024-09-10 09:36:39.042460,T4 GPU,3883fbb3-51f3-44ab-8db0-2ad18e65da5b,100,6871.595578432083 Seconds,68.71595578432083 Seconds (inferred)
omegafold,Structure Prediction,/content/drive/MyDrive/Generative_Models/utilities/fold_inputs/all_len193.fa,/content/drive/MyDrive/Generative_Models/utilities/omegafold/all_len193,2024-09-10 11:31:10.658238,T4 GPU,a67a7da2-4775-4c03-aa31-2cd286fa6531,100,6868.945747613907 Seconds,68.68945747613907 Seconds (inferred)
omegafold,Structure Prediction,/content/drive/MyDrive/Generative_Models/utilities/fold_inputs/all_len193.fa,/content/drive/MyDrive/Generative_Models/utilities/omegafold/all_len193,2024-09-10 13:25:39.648120,T4 GPU,d7d352e9-f823-4cd1-88ea-837a0b7bd212,100,6868.949525594711 Seconds,68.68949525594711 Seconds (inferred)
omegafold,Structure Prediction,/content/drive/MyDrive/Generative_Models/utilities/fold_inputs/all_len193.fa,/content/drive/MyDrive/Generative_Models/utilities/omegafold/all_len193,2024-09-10 15:20:08.630312,T4 GPU,d47b25d3-6b0e-40f1-87c3-4439570d296e,100,6864.438421964645 Seconds,68.64438421964645 Seconds (inferred)
omegafold,Structure Prediction,/content/drive/MyDrive/Generative_Models/utilities/fold_inputs/all_len193.fa,/content/drive/MyDrive/Generative_Models/utilities/omegafold/all_len193,2024-09-10 17:14:33.088077,T4 GPU,91f1ccfb-e165-4a1b-833f-51cc05de5c19,100,6858.4428453445435 Seconds,68.58442845344544 Seconds (inferred)
omegafold,Structure Prediction,/content/drive/MyDrive/Generative_Models/utilities/fold_inputs/all_len193.fa,/content/drive/MyDrive/Generative_Models/utilities/omegafold/all_len193,2024-09-10 19:08:51.554499,T4 GPU,5461b299-2414-4e49-84f2-a694b2898c0e,100,6857.388845682144 Seconds,68.57388845682144 Seconds (inferred)
omegafold,Structure Prediction,/content/drive/MyDrive/Generative_Models/utilities/fold_inputs/all_len193.fa,/content/drive/MyDrive/Generative_Models/utilities/omegafold/all_len193,2024-09-10 21:03:08.972274,T4 GPU,9ccd49ee-e192-408b-a74d-3ccd030dcb8b,66,4500.53356552124 Seconds,68.18990250789759 Seconds (inferred)
omegafold,Structure Prediction,/content/drive/MyDrive/Generative_Models/utilities/fold_inputs/all_len194.fa,/content/drive/MyDrive/Generative_Models/utilities/omegafold/all_len194,2024-09-10 23:44:14.002601,T4 GPU,f8eaaee7-3f34-4296-871b-aefc5d4a6347,100,7381.1805300712585 Seconds,73.81180530071259 Seconds (inferred)
omegafold,Structure Prediction,/content/drive/MyDrive/Generative_Models/utilities/fold_inputs/all_len194.fa,/content/drive/MyDrive/Generative_Models/utilities/omegafold/all_len194,2024-09-11 01:47:15.245115,T4 GPU,ee01eeb4-a1c5-4a70-be0f-62c87495226b,100,7369.035197496414 Seconds,73.69035197496414 Seconds (inferred)
omegafold,Structure Prediction,/content/drive/MyDrive/Generative_Models/utilities/fold_inputs/all_len194.fa,/content/drive/MyDrive/Generative_Models/utilities/omegafold/all_len194,2024-09-11 03:50:04.302256,T4 GPU,687c9cab-d46a-46f7-97de-885970c1c853,100,7375.364623785019 Seconds,73.75364623785019 Seconds (inferred)
omegafold,Structure Prediction,/content/drive/MyDrive/Generative_Models/utilities/fold_inputs/all_len194.fa,/content/drive/MyDrive/Generative_Models/utilities/omegafold/all_len194,2024-09-11 05:52:59.691296,T4 GPU,acee3d56-897b-482f-a4c7-2b0385957974,100,7369.235735416412 Seconds,73.69235735416413 Seconds (inferred)
omegafold,Structure Prediction,/content/drive/MyDrive/Generative_Models/utilities/fold_inputs/all_len194.fa,/content/drive/MyDrive/Generative_Models/utilities/omegafold/all_len194,2024-09-11 07:55:48.948089,T4 GPU,186b83d3-051f-4d33-b2c0-a563f2f10aaa,100,7357.5332152843475 Seconds,73.57533215284347 Seconds (inferred)
omegafold,Structure Prediction,/content/drive/MyDrive/Generative_Models/utilities/fold_inputs/all_len194.fa,/content/drive/MyDrive/Generative_Models/utilities/omegafold/all_len194,2024-09-11 09:58:26.521585,T4 GPU,5f037d50-fabc-40cd-9f15-a9deff520970,100,7370.207275629044 Seconds,73.70207275629043 Seconds (inferred)
omegafold,Structure Prediction,/content/drive/MyDrive/Generative_Models/utilities/fold_inputs/all_len194.fa,/content/drive/MyDrive/Generative_Models/utilities/omegafold/all_len194,2024-09-11 12:01:16.751543,T4 GPU,a9501010-05d0-4ea1-a4cd-beb495fafc30,100,7372.633065700531 Seconds,73.7263306570053 Seconds (inferred)
omegafold,Structure Prediction,/content/drive/MyDrive/Generative_Models/utilities/fold_inputs/all_len194.fa,/content/drive/MyDrive/Generative_Models/utilities/omegafold/all_len194,2024-09-11 14:04:09.431888,T4 GPU,75a928a1-a01d-4fb5-8582-c4f0c21d2123,100,7368.865007162094 Seconds,73.68865007162094 Seconds (inferred)
omegafold,Structure Prediction,/content/drive/MyDrive/Generative_Models/utilities/fold_inputs/all_len194.fa,/content/drive/MyDrive/Generative_Models/utilities/omegafold/all_len194,2024-09-11 16:06:58.318635,T4 GPU,6174a190-85bc-4d01-bdb9-b694eab624ee,67,4937.278388738632 Seconds,73.69072221997959 Seconds (inferred)
omegafold,Structure Prediction,/content/drive/MyDrive/Generative_Models/utilities/fold_inputs/all_len195.fa,/content/drive/MyDrive/Generative_Models/utilities/omegafold/all_len195,2024-09-11 17:29:16.291726,T4 GPU,e5171e2f-085c-4f8e-81e8-d308b8f5429c,100,7382.837839841843 Seconds,73.82837839841842 Seconds (inferred)
omegafold,Structure Prediction,/content/drive/MyDrive/Generative_Models/utilities/fold_inputs/all_len195.fa,/content/drive/MyDrive/Generative_Models/utilities/omegafold/all_len195,2024-09-11 19:32:19.149559,T4 GPU,b33e1136-d8d5-4d56-a40e-f7ad79eb577e,100,7382.2094004154205 Seconds,73.82209400415421 Seconds (inferred)
omegafold,Structure Prediction,/content/drive/MyDrive/Generative_Models/utilities/fold_inputs/all_len195.fa,/content/drive/MyDrive/Generative_Models/utilities/omegafold/all_len195,2024-09-11 21:35:21.379225,T4 GPU,42588aa2-2fce-4e09-807a-fe70ee6b7b1e,100,7373.048913002014 Seconds,73.73048913002015 Seconds (inferred)
omegafold,Structure Prediction,/content/drive/MyDrive/Generative_Models/utilities/fold_inputs/all_len195.fa,/content/drive/MyDrive/Generative_Models/utilities/omegafold/all_len195,2024-09-11 23:53:26.567351,T4 GPU,4420a3b2-0aa1-4e53-a110-c5dc0f7a60c4,100,7103.93990445137 Seconds,71.0393990445137 Seconds (inferred)
omegafold,Structure Prediction,/content/drive/MyDrive/Generative_Models/utilities/fold_inputs/all_len195.fa,/content/drive/MyDrive/Generative_Models/utilities/omegafold/all_len195,2024-09-13 01:48:09.418726,T4 GPU,3ad93e61-b0cf-4419-b0d8-fbee4477201e,100,6967.5235323905945 Seconds,69.67523532390595 Seconds (inferred)
omegafold,Structure Prediction,/content/drive/MyDrive/Generative_Models/utilities/fold_inputs/all_len195.fa,/content/drive/MyDrive/Generative_Models/utilities/omegafold/all_len195,2024-09-13 03:44:16.980515,T4 GPU,8e666a34-d618-4478-814a-2e6f9c58c2e3,100,6971.202414989471 Seconds,69.71202414989472 Seconds (inferred)
omegafold,Structure Prediction,/content/drive/MyDrive/Generative_Models/utilities/fold_inputs/all_len195.fa,/content/drive/MyDrive/Generative_Models/utilities/omegafold/all_len195,2024-09-13 05:40:28.213696,T4 GPU,4db61f16-f837-45b0-b7ee-a6370d397f07,14,1000.1405084133148 Seconds,71.4386077438082 Seconds (inferred)
omegafold,Structure Prediction,/content/drive/MyDrive/Generative_Models/utilities/refold_inputs/all_len191.fa,/content/drive/MyDrive/Generative_Models/utilities/omegafold/all_len191,2024-09-17 07:54:38.011508,T4 GPU,1ed5a51f-b6e3-4722-9eab-44ba60a32911,37,2451.387615442276 Seconds,66.25371933627773 Seconds (inferred)
omegafold,Structure Prediction,/content/drive/MyDrive/Generative_Models/utilities/refold_inputs/all_len192.fa,/content/drive/MyDrive/Generative_Models/utilities/omegafold/all_len192,2024-09-17 08:35:30.317938,T4 GPU,c4f2d203-c269-4e5e-926e-10b9f5939ee7,35,2323.7505564689636 Seconds,66.39287304197039 Seconds (inferred)
omegafold,Structure Prediction,/content/drive/MyDrive/Generative_Models/utilities/refold_inputs/all_len193.fa,/content/drive/MyDrive/Generative_Models/utilities/omegafold/all_len193,2024-09-17 09:14:14.812768,T4 GPU,a75cb175-3dae-4df1-bdfe-9462944376cd,40,2805.2598378658295 Seconds,70.13149594664574 Seconds (inferred)
omegafold,Structure Prediction,/content/drive/MyDrive/Generative_Models/utilities/refold_inputs/all_len194.fa,/content/drive/MyDrive/Generative_Models/utilities/omegafold/all_len194,2024-09-17 23:15:31.295793,T4 GPU,05086b5a-c9a0-4396-9466-05293ece334b,50,3764.610129594803 Seconds,75.29220259189606 Seconds (inferred)
omegafold,Structure Prediction,/content/drive/MyDrive/Generative_Models/utilities/refold_inputs/all_len195.fa,/content/drive/MyDrive/Generative_Models/utilities/omegafold/all_len195,2024-09-18 00:18:16.471511,T4 GPU,6a812fad-cbcd-4648-8c61-77e4efa14d5a,51,3839.0186908245087 Seconds,75.27487629067664 Seconds (inferred)
omegafold,Structure Prediction,/content/drive/MyDrive/Generative_Models/utilities/refold_inputs/all_len196.fa,/content/drive/MyDrive/Generative_Models/utilities/omegafold/all_len196,2024-09-18 01:22:16.026560,T4 GPU,bc956572-3775-4175-8563-b6d79fb805f2,51,3893.9529683589935 Seconds,76.35201898743125 Seconds (inferred)
omegafold,Structure Prediction,/content/drive/MyDrive/Generative_Models/utilities/refold_inputs/all_len197.fa,/content/drive/MyDrive/Generative_Models/utilities/omegafold/all_len197,2024-09-18 02:27:10.599029,T4 GPU,b62e2b32-997b-4986-9a0a-991d6b12e63b,45,3369.08066034317 Seconds,74.86845911873712 Seconds (inferred)
omegafold,Structure Prediction,/content/drive/MyDrive/Generative_Models/utilities/refold_inputs/all_len198.fa,/content/drive/MyDrive/Generative_Models/utilities/omegafold/all_len198,2024-09-18 03:23:20.299992,T4 GPU,42597603-592f-4173-97e3-587651537f04,38,2883.8018205165863 Seconds,75.88952159254174 Seconds (inferred)
omegafold,Structure Prediction,/content/drive/MyDrive/Generative_Models/utilities/refold_inputs/all_len199.fa,/content/drive/MyDrive/Generative_Models/utilities/omegafold/all_len199,2024-09-18 04:11:24.795726,T4 GPU,2af9928c-d6e5-4b05-a3a3-525865d2f304,35,2671.491613149643 Seconds,76.3283318042755 Seconds (inferred)
omegafold,Structure Prediction,/content/drive/MyDrive/Generative_Models/utilities/refold_inputs/all_len200.fa,/content/drive/MyDrive/Generative_Models/utilities/omegafold/all_len200,2024-09-18 04:55:57.988638,T4 GPU,05ed72a7-821d-4f57-ad18-f3e1e2c5ae59,44,3427.9064524173737 Seconds,77.90696482766758 Seconds (inferred)
